id,begin,end,anyrequests_fn,pctrequests_fn,anymale_fn,pctmale_fn,maleup_fn,malesame_fn,maledown_fn,malerank_fn,femaleup_fn,femalesame_fn,femaledown_fn,femalerank_fn,anyrequests_mt,pctrequests_mt,anymale_mt,pctmale_mt,maleup_mt,malesame_mt,maledown_mt,malerank_mt,femaleup_mt,femalesame_mt,femaledown_mt,femalerank_mt,aggressive_fn,aggressive_mt,ability,success,comments,instrace,college,csuexp,exp,numcls,numstudents,pctmale_st,pctfreshman_st,pctsophomore_st,pctjunior_st,pctsenior_st,pctother_st,malerank_st,femalerank_st,dept,inst_female,tenuretrack,instposition,round,aggressivemale_fn,aggressivesame_fn,aggressivefemale_fn,aggressivemale_mt,aggressivesame_mt,aggressivefemale_mt,group_fn,group_mt,sample,inst_white
10407847263,09dec2018 23:49:53,09dec2018 23:52:21,0,0,NA,NA,NA,NA,NA,NA,NA,NA,NA,NA,0,0,NA,NA,NA,NA,NA,NA,NA,NA,NA,NA,NA,NA,NA,NA,,4,8,1,4,20,20,50,10,20,50,20,NA,82,82,59,0,0,0,2,NA,NA,NA,NA,NA,NA,NA,NA,NA,0
10399396980,05dec2018 13:05:22,05dec2018 13:16:07,0,0,NA,NA,NA,NA,NA,NA,NA,NA,NA,NA,1,2,1,70,80,20,0,85,80,20,0,75,NA,1,1,2,"Regrade requests for males tend to be for higher point values, while those from females tend to be for lower point values (just one or two points).  Perhaps this is just my impression from thinking of a few cases that stand out in my mind.  ",1,3,3,3,10,200,80,0,20,30,40,10,70,85,15,1,0,1,2,NA,NA,NA,NA,NA,NA,NA,2,NA,1
10399008321,05dec2018 10:53:38,05dec2018 10:59:22,0,0,NA,NA,NA,NA,NA,NA,NA,NA,NA,NA,1,5,1,50,97,3,0,90,97,3,0,96,NA,2,2,2,,4,7,3,2,2,200,51,0,0,60,40,0,90,90,53,1,0,0,2,NA,NA,NA,NA,NA,NA,NA,2,NA,0
10396855219,04dec2018 15:44:38,04dec2018 16:15:21,0,0,NA,NA,NA,NA,NA,NA,NA,NA,NA,NA,1,1,1,67,100,0,0,95,100,0,0,75,NA,3,1,1,"In the three semesters I have as GTA, I have received about 3 regrade requests from men and 1 from a woman.  All in the first and second semester, none in the current semester.  In the case of male students, 2 of them asked me where they had a mistake, and the other male and the female student emailed me writing that they do not understand why they got such a low grade, and that they think they deserve more points.    Men that ask for regrade generally are good students, and they actually deserved more points that I graded.    The female student I regraded was a regular student (her overall grade was around 72% at that moment), and she in the email included the fact that she needs at least B to enter in the business school.  Sincerely, she did not deserved that regrade, but I did it because I would feel bad if someone (man or woman) cannot enter in the school he/she wants for a couple of points.  If a male student with the same argument (he ""needs more points to enter in the business school"") emailed me, I would regraded him exactly the same, helping him.",3,4,2,2,3,270,60,40,30,20,10,NA,80,80,25,0,0,0,2,NA,NA,NA,NA,NA,NA,NA,2,NA,0
10395811540,04dec2018 09:27:19,04dec2018 09:49:05,1,10,1,75,10,90,0,70,10,90,0,70,1,10,1,25,10,90,0,1,20,80,0,85,1,3,3,2,,1,2,4,4,5,250,75,0,0,75,25,NA,75,85,9,1,0,1,2,NA,NA,NA,NA,NA,NA,2,2,1,1
10394549454,03dec2018 22:38:05,03dec2018 22:51:50,0,0,NA,NA,NA,NA,NA,NA,NA,NA,NA,NA,1,10,1,50,0,100,0,50,0,100,0,60,NA,2,3,2,,1,5,1,4,2,50,25,5,10,40,40,5,50,50,40,1,0,0,2,NA,NA,NA,NA,NA,NA,NA,2,NA,1
10394229279,03dec2018 18:45:03,03dec2018 18:48:21,0,0,NA,NA,NA,NA,NA,NA,NA,NA,NA,NA,0,0,NA,NA,NA,NA,NA,NA,NA,NA,NA,NA,NA,NA,NA,NA,,1,1,22,22,10,500,50,0,0,45,50,5,80,80,1,0,1,4,2,NA,NA,NA,NA,NA,NA,NA,NA,NA,1
10394020063,03dec2018 16:43:52,03dec2018 16:51:09,0,0,NA,NA,NA,NA,NA,NA,NA,NA,NA,NA,1,33,1,37,50,50,0,70,50,50,0,33,NA,3,2,2,"My male students tend to act a bit more offended that they have to ask for regrades than my female students, who are a bit more emotionally dependent on their grades. ",1,5,3,3,6,150,38,0,20,40,40,0,41,66,44,1,0,0,2,NA,NA,NA,NA,NA,NA,NA,2,NA,1
10393941318,03dec2018 16:03:26,03dec2018 16:08:19,1,15,1,69,20,80,0,10,40,60,0,50,1,10,1,64,50,50,0,52,50,50,0,48,2,2,2,3,,1,7,3,7,15,1500,73,0,10,60,30,0,55,71,56,0,1,3,2,NA,NA,NA,NA,NA,NA,2,2,1,1
10393686413,03dec2018 14:16:31,03dec2018 14:22:43,0,0,NA,NA,NA,NA,NA,NA,NA,NA,NA,NA,1,10,1,75,5,95,0,77,5,95,0,77,NA,1,2,2,,NA,5,5,8,5,200,44,25,15,35,25,0,58,62,39,1,0,0,2,NA,NA,NA,NA,NA,NA,NA,2,NA,0
10393526120,03dec2018 13:18:27,03dec2018 13:39:44,0,0,NA,NA,NA,NA,NA,NA,NA,NA,NA,NA,1,25,1,5,0,100,0,40,50,50,0,55,NA,3,3,3,Female students tend to present a better understanding of material when they are asking for a regrade when compared to their male counterparts. More effort in placed on regrades by female students than male students. ,3,1,3,3,10,330,30,75,5,10,10,0,65,65,2,1,0,0,2,NA,NA,NA,NA,NA,NA,NA,2,NA,0
10393356156,03dec2018 12:21:13,03dec2018 12:26:02,0,0,NA,NA,NA,NA,NA,NA,NA,NA,NA,NA,1,10,1,90,10,90,0,40,30,70,0,70,NA,1,3,3,,1,3,1,2,1,40,90,70,20,10,0,0,70,80,13,1,0,0,2,NA,NA,NA,NA,NA,NA,NA,2,NA,1
10393247497,03dec2018 11:43:49,03dec2018 11:50:12,1,10,1,50,0,100,0,50,0,100,0,50,1,5,1,50,50,50,0,70,50,50,0,70,2,2,2,2,,1,4,3,16,9,1500,50,75,20,5,0,0,75,80,34,1,0,1,2,NA,NA,NA,NA,NA,NA,2,2,1,1
10392997067,03dec2018 10:18:58,03dec2018 10:21:27,0,0,NA,NA,NA,NA,NA,NA,NA,NA,NA,NA,0,0,NA,NA,NA,NA,NA,NA,NA,NA,NA,NA,NA,NA,NA,NA,,1,4,11,19,7,350,49,25,15,30,30,NA,48,62,28,0,1,4,2,NA,NA,NA,NA,NA,NA,NA,NA,NA,1
10392931491,03dec2018 09:57:39,03dec2018 09:59:56,0,0,NA,NA,NA,NA,NA,NA,NA,NA,NA,NA,0,0,NA,NA,NA,NA,NA,NA,NA,NA,NA,NA,NA,NA,NA,NA,,1,7,1,1,1,32,94,25,25,25,25,NA,90,90,56,1,0,0,2,NA,NA,NA,NA,NA,NA,NA,NA,NA,1
10392897671,03dec2018 09:46:43,03dec2018 09:53:45,1,2,0,0,NA,NA,NA,NA,1,99,0,70,1,3,0,0,NA,NA,NA,NA,2,98,0,85,NA,NA,NA,NA,"I teach in a majority female major, few male students, and have not experienced any regrade requests from male students at CSU (after 2 full semesters and 1 nearly complete semester)",1,3,2,4,2,160,15,0,0,50,48,2,80,75,14,1,1,2,2,NA,NA,NA,NA,NA,NA,1,1,1,1
10392841266,03dec2018 09:29:22,03dec2018 09:38:04,1,6,1,90,0,100,0,70,0,100,0,69,1,5,1,58,2,98,0,70,2,98,0,77,1,2,2,2,"Not enough data - I teach small classes. I have however noticed an upward trend in the number of male students requesting higher grades, while females seems to be holding steady.",1,4,5,9,3,340,40,65,20,15,0,0,80,82,29,1,0,1,2,NA,NA,NA,NA,NA,NA,2,2,1,1
10392818138,03dec2018 09:22:17,03dec2018 09:29:06,1,3,1,50,0,100,0,3,0,100,0,3,1,10,1,50,50,50,0,3,50,50,0,4,3,3,2,2,,1,3,16,19,6,400,25,5,40,40,15,0,50,50,21,1,1,4,2,NA,NA,NA,NA,NA,NA,2,2,1,1
10392774952,03dec2018 09:09:37,03dec2018 09:14:31,1,5,1,50,10,90,0,25,10,90,0,25,0,0,NA,NA,NA,NA,NA,NA,NA,NA,NA,NA,NA,NA,NA,NA,,1,7,4,4,10,400,65,0,10,60,30,0,50,50,56,0,0,0,2,NA,NA,NA,NA,NA,NA,2,NA,1,1
10392746773,03dec2018 09:01:30,03dec2018 09:06:03,1,5,1,50,50,50,0,86,50,50,0,86,1,58,1,50,50,50,0,90,50,50,0,90,2,2,2,2,,1,4,4,11,11,200,40,100,0,0,0,0,38,95,34,1,1,2,2,NA,NA,NA,NA,NA,NA,2,2,1,1
10391520230,02dec2018 21:43:39,02dec2018 21:51:17,1,10,1,50,5,95,0,1,5,95,0,1,1,10,1,50,1,99,0,1,1,99,0,0,2,2,2,2,This survey has so many typos that I cannot understand many of the questions.  I also see a ton of bias in the questions.  It truly surprises me that this made it through IRB,NA,1,22,22,31,100,100,1,2,3,4,90,2,1,6,NA,0,1,2,NA,NA,NA,NA,NA,NA,2,2,1,0
10391054269,02dec2018 13:51:55,02dec2018 13:56:09,0,0,NA,NA,NA,NA,NA,NA,NA,NA,NA,NA,0,0,NA,NA,NA,NA,NA,NA,NA,NA,NA,NA,NA,NA,NA,NA,,1,7,1,1,1,13,85,10,10,40,40,NA,90,90,52,1,0,0,2,NA,NA,NA,NA,NA,NA,NA,NA,NA,1
10391044049,02dec2018 13:39:54,02dec2018 14:35:45,1,5,1,75,50,50,0,50,50,50,0,50,1,10,1,50,50,50,0,50,50,50,0,50,1,1,3,2,,1,8,3,3,10,250,50,25,25,25,25,NA,1,50,61,1,0,0,2,NA,NA,NA,NA,NA,NA,2,2,1,1
10390983612,02dec2018 12:32:26,02dec2018 12:39:58,1,5,1,50,0,100,0,40,0,100,0,90,1,5,1,100,10,90,0,40,NA,NA,NA,NA,1,NA,3,2,"It seems like males tend to be more aggressive with female professors when asking for regrades than with male professors. As a female professor, I hear about regrade requests much more often from other female professors than male professors.",1,4,6,7,12,1300,60,20,20,30,30,NA,50,80,33,1,0,1,2,NA,NA,NA,NA,NA,NA,2,3,1,1
10390874894,02dec2018 10:24:00,02dec2018 10:34:18,0,0,NA,NA,NA,NA,NA,NA,NA,NA,NA,NA,1,3,1,50,90,10,0,85,90,10,0,85,NA,2,2,2,No.,1,5,22,22,26,2000,40,4,30,33,32,1,70,75,38,0,1,4,2,NA,NA,NA,NA,NA,NA,NA,2,NA,1
10390723588,02dec2018 07:24:29,02dec2018 07:30:30,1,5,1,30,10,90,0,30,10,90,0,30,1,5,1,10,5,95,0,30,5,95,0,30,2,2,2,2,,1,4,9,9,15,900,25,5,30,40,25,NA,40,60,29,NA,1,2,2,NA,NA,NA,NA,NA,NA,2,2,1,1
10390432904,02dec2018 00:07:03,02dec2018 00:14:15,1,10,1,50,15,80,5,40,15,80,5,25,0,0,NA,NA,NA,NA,NA,NA,NA,NA,NA,NA,NA,NA,NA,NA,,1,1,11,16,5,850,50,4,10,40,45,1,50,50,3,0,1,4,2,NA,NA,NA,NA,NA,NA,2,NA,1,1
10390308411,01dec2018 20:00:51,01dec2018 20:12:28,1,5,1,50,5,90,5,40,5,90,5,40,0,0,NA,NA,NA,NA,NA,NA,NA,NA,NA,NA,NA,NA,NA,NA,,4,5,4,7,8,300,60,40,40,10,10,NA,60,50,42,0,0,0,2,NA,NA,NA,NA,NA,NA,2,NA,1,0
10390164262,01dec2018 16:23:51,01dec2018 16:32:04,1,10,1,5,1,99,0,48,2,98,0,50,1,10,1,5,2,98,0,83,4,96,0,85,3,3,2,2,No-- We just have more female majors,2,5,22,22,20,1000,30,0,0,40,60,0,30,70,39,0,1,4,2,NA,NA,NA,NA,NA,NA,2,2,1,0
10390080983,01dec2018 14:36:28,01dec2018 14:42:47,1,4,0,0,NA,NA,NA,NA,0,100,0,55,1,3,0,0,NA,NA,NA,NA,10,90,0,55,NA,NA,NA,NA,"I don't change grades, so gender doesn't play a role",1,5,4,4,11,175,36,80,10,5,5,NA,53,60,39,1,0,0,2,NA,NA,NA,NA,NA,NA,1,1,1,1
10390013111,01dec2018 13:16:17,01dec2018 13:22:42,0,0,NA,NA,NA,NA,NA,NA,NA,NA,NA,NA,1,4,1,16,60,40,0,68,0,100,0,31,NA,2,1,2,,1,3,5,11,10,450,50,0,10,70,20,0,33,44,16,1,0,1,2,NA,NA,NA,NA,NA,NA,NA,2,NA,1
10389940765,01dec2018 11:53:39,01dec2018 11:57:10,1,2,1,100,0,100,0,55,NA,NA,NA,NA,0,0,NA,NA,NA,NA,NA,NA,NA,NA,NA,NA,NA,NA,NA,NA,,1,3,3,3,4,350,50,5,10,60,25,NA,80,90,16,1,0,0,2,NA,NA,NA,NA,NA,NA,3,NA,1,1
10389938849,01dec2018 11:51:35,01dec2018 11:56:23,1,5,1,50,0,100,0,10,0,100,0,10,0,0,NA,NA,NA,NA,NA,NA,NA,NA,NA,NA,NA,NA,NA,NA,,NA,2,22,22,4,1000,55,0,0,95,5,0,35,65,9,0,1,4,2,NA,NA,NA,NA,NA,NA,2,NA,1,0
10389934429,01dec2018 11:46:34,01dec2018 11:51:54,1,1,1,50,0,100,0,1,0,100,0,1,1,10,1,50,50,50,0,80,50,50,0,80,2,2,2,2,No.,1,5,7,7,10,450,50,30,30,30,10,0,65,65,42,0,0,0,2,NA,NA,NA,NA,NA,NA,2,2,1,1
10389926835,01dec2018 11:38:14,01dec2018 11:48:10,1,2,1,60,20,80,0,45,20,80,0,50,1,20,1,45,30,70,0,70,40,60,0,70,2,3,3,2,,NA,4,11,21,14,300,60,5,25,30,40,NA,60,70,25,1,1,3,2,NA,NA,NA,NA,NA,NA,2,2,1,0
10389862644,01dec2018 10:31:23,01dec2018 10:36:55,0,0,NA,NA,NA,NA,NA,NA,NA,NA,NA,NA,1,20,1,33,20,80,0,85,30,70,0,80,NA,3,2,3,The differences are not gender related so much as they are ability related.  High caliber students who are driven only by graded outcomes tend to ask for regrades more often than not.,1,5,4,4,6,150,50,10,80,5,5,0,60,60,38,0,0,0,2,NA,NA,NA,NA,NA,NA,NA,2,NA,1
10389843985,01dec2018 10:11:50,01dec2018 10:21:08,1,1,0,0,NA,NA,NA,NA,0,100,0,50,1,5,1,50,50,50,0,50,50,50,0,50,NA,3,2,2,,1,1,22,22,16,1200,50,10,20,40,30,NA,50,50,1,0,1,4,2,NA,NA,NA,NA,NA,NA,1,2,1,1
10389800316,01dec2018 09:27:48,01dec2018 09:31:02,0,0,NA,NA,NA,NA,NA,NA,NA,NA,NA,NA,0,0,NA,NA,NA,NA,NA,NA,NA,NA,NA,NA,NA,NA,NA,NA,,1,5,3,3,3,500,50,25,25,25,25,0,50,50,40,0,0,0,2,NA,NA,NA,NA,NA,NA,NA,NA,NA,1
10389786008,01dec2018 09:13:57,01dec2018 09:21:23,0,0,NA,NA,NA,NA,NA,NA,NA,NA,NA,NA,1,4,1,99,50,50,0,52,50,50,0,71,NA,1,3,2,I have never had a female ask for a regrade - only males who choose not to show up to class and then expect to make a good grade. I also find that male students cheat more often than females in my classes.,1,1,4,4,5,105,74,55,20,20,5,NA,77,81,4,1,0,0,2,NA,NA,NA,NA,NA,NA,NA,2,NA,1
10389739434,01dec2018 08:27:11,01dec2018 08:36:02,1,1,0,0,NA,NA,NA,NA,10,90,0,60,1,1,1,50,25,75,0,80,25,75,0,75,NA,2,1,2,None that I can think of.,1,4,12,12,12,150,30,5,40,25,25,5,80,70,29,1,0,1,2,NA,NA,NA,NA,NA,NA,1,2,1,1
10389717485,01dec2018 08:05:14,01dec2018 08:20:05,1,1,1,50,1,99,0,50,1,99,0,50,1,20,1,50,10,90,0,80,10,90,0,85,1,1,3,2,"Not that I can think of, but this survey is interesting and I will likely think about it more in the future...  ",1,6,22,22,5,850,45,1,15,40,40,4,75,75,47,1,0,NA,2,NA,NA,NA,NA,NA,NA,2,2,1,1
10389682614,01dec2018 07:29:03,01dec2018 07:52:47,1,16,1,10,1,99,0,40,1,99,0,50,1,4,1,80,1,99,0,85,1,99,0,85,2,2,3,2,"The male students tend to procrastinate and ask for permission to submit late work.  Female students often wait til end of semester and use emotional distress and personal circumstances as a reason as to why they should be allowed to make up work.  While I am certain there are legitimate issues,  I feel some students abuse a resource we make available for those who have real needs.  I have also had a female student go to my chair with false accusations against me because I did not allow make up work.  My chair supported my position but it was quite stressful.",1,4,18,18,31,1800,55,10,25,35,30,NA,84,89,24,1,0,1,2,NA,NA,NA,NA,NA,NA,2,2,1,1
10389266230,30nov2018 22:03:22,30nov2018 22:14:17,1,3,1,50,0,100,0,25,0,100,0,60,1,3,1,50,50,25,25,50,50,25,25,50,2,2,2,2,"Male students are less likely to accept no for an answer. I never give in, but I have resorted to referring all belligerent students to Student Resolution Services.",1,5,4,6,18,2500,50,30,20,30,20,NA,50,50,43,1,0,NA,2,NA,NA,NA,NA,NA,NA,2,2,1,1
10389191133,30nov2018 20:28:43,30nov2018 20:36:50,0,0,NA,NA,NA,NA,NA,NA,NA,NA,NA,NA,1,25,1,50,100,0,0,69,100,0,0,90,NA,3,3,2,,2,4,1,1,1,18,60,96,4,0,0,0,80,90,26,1,0,0,2,NA,NA,NA,NA,NA,NA,NA,2,NA,0
10389186085,30nov2018 20:22:35,30nov2018 20:32:32,0,0,NA,NA,NA,NA,NA,NA,NA,NA,NA,NA,1,15,1,90,90,10,0,75,95,5,0,75,NA,1,2,2,,4,5,1,1,1,127,85,0,20,40,30,10,70,60,41,0,0,0,2,NA,NA,NA,NA,NA,NA,NA,2,NA,0
10389087273,30nov2018 18:39:19,30nov2018 18:44:55,0,0,NA,NA,NA,NA,NA,NA,NA,NA,NA,NA,1,2,0,0,NA,NA,NA,NA,100,0,0,85,NA,NA,3,2,"Questions asked/confrontation. Males would be more accusatory: ""you didn't tell us this,"" while females were more forgiving",1,8,1,1,4,100,50,50,0,0,50,0,75,77,58,1,0,0,2,NA,NA,NA,NA,NA,NA,NA,1,NA,1
10388988155,30nov2018 17:20:12,30nov2018 17:24:58,1,5,1,51,0,100,0,85,0,100,0,87,1,4,1,50,25,50,25,61,50,25,25,91,1,2,3,3,,1,4,8,11,31,600,51,80,15,5,0,0,75,83,26,1,0,1,2,NA,NA,NA,NA,NA,NA,2,2,1,1
10388978546,30nov2018 17:13:11,30nov2018 17:15:33,0,0,NA,NA,NA,NA,NA,NA,NA,NA,NA,NA,0,0,NA,NA,NA,NA,NA,NA,NA,NA,NA,NA,NA,NA,NA,NA,,1,4,3,9,8,64,62,20,25,35,20,NA,54,70,23,0,1,2,2,NA,NA,NA,NA,NA,NA,NA,NA,NA,1
10388970046,30nov2018 17:06:46,30nov2018 17:14:31,0,0,NA,NA,NA,NA,NA,NA,NA,NA,NA,NA,1,1,1,50,10,90,0,60,10,90,0,60,NA,2,2,2,,1,4,11,11,15,600,75,5,15,35,45,NA,45,55,25,0,1,3,2,NA,NA,NA,NA,NA,NA,NA,2,NA,1
10388939039,30nov2018 16:42:50,30nov2018 16:47:46,0,0,NA,NA,NA,NA,NA,NA,NA,NA,NA,NA,0,0,NA,NA,NA,NA,NA,NA,NA,NA,NA,NA,NA,NA,NA,NA,,1,4,22,22,7,150,65,0,0,0,100,0,65,80,25,0,1,4,2,NA,NA,NA,NA,NA,NA,NA,NA,NA,1
10388916352,30nov2018 16:29:34,30nov2018 16:35:02,0,0,NA,NA,NA,NA,NA,NA,NA,NA,NA,NA,0,0,NA,NA,NA,NA,NA,NA,NA,NA,NA,NA,NA,NA,NA,NA,,1,4,4,4,10,350,36,0,15,50,35,NA,63,63,36,1,0,0,2,NA,NA,NA,NA,NA,NA,NA,NA,NA,1
10388913604,30nov2018 16:27:27,30nov2018 16:32:25,1,3,1,96,0,50,50,49,0,100,0,49,1,20,1,50,75,25,0,50,75,25,0,50,1,2,2,3,,1,5,4,4,12,300,40,35,15,15,35,0,50,50,40,1,0,0,2,NA,NA,NA,NA,NA,NA,2,2,1,1
10388912845,30nov2018 16:27:15,30nov2018 16:34:16,0,0,NA,NA,NA,NA,NA,NA,NA,NA,NA,NA,1,5,0,0,NA,NA,NA,NA,0,100,0,91,NA,NA,1,2,"I have only had one student ask for a regrade at any point in the semester (female) in 16 years of teaching. The survey required me to answer above 4 questions, but I would have left them blank.",3,4,17,22,6,250,32,75,0,10,15,0,87,87,26,1,1,4,2,NA,NA,NA,NA,NA,NA,NA,1,NA,0
10388912139,30nov2018 16:26:50,30nov2018 16:31:18,1,1,1,50,0,100,0,33,0,100,0,77,0,0,NA,NA,NA,NA,NA,NA,NA,NA,NA,NA,NA,NA,NA,NA,,1,6,22,22,7,1400,40,90,10,0,0,0,46,71,47,1,1,4,2,NA,NA,NA,NA,NA,NA,2,NA,1,1
10388907569,30nov2018 16:23:55,30nov2018 16:34:56,1,2,1,50,50,50,0,50,80,20,0,80,1,11,1,73,80,20,0,62,90,10,0,84,1,1,3,3,"The way male vs female students ask for re-grades. Female students tend to use phrases such as ""sorry to bother you"" or ""I think maybe there was an error, but I'm not sure"" where as male students are direct and sometimes rude, blaming a poorly written exam question for the reason for their grade. Female students tend to take responsibility for the grade, even if it is not their fault (miscalculation in points, eg) while male students tend to blame the wording but not take responsibility for their incorrect answers. This is all in relation to requesting regrades.",1,6,5,9,22,330,49,20,30,30,15,5,50,52,50,1,0,NA,2,NA,NA,NA,NA,NA,NA,2,2,1,1
10388906998,30nov2018 16:23:31,30nov2018 16:26:23,0,0,NA,NA,NA,NA,NA,NA,NA,NA,NA,NA,0,0,NA,NA,NA,NA,NA,NA,NA,NA,NA,NA,NA,NA,NA,NA,,4,1,1,4,1,30,50,0,100,0,0,NA,70,75,2,0,0,0,2,NA,NA,NA,NA,NA,NA,NA,NA,NA,0
10388904022,30nov2018 16:21:49,30nov2018 16:25:07,1,2,0,0,NA,NA,NA,NA,0,100,0,75,0,0,NA,NA,NA,NA,NA,NA,NA,NA,NA,NA,NA,NA,NA,NA,,1,6,1,1,2,50,50,90,10,0,0,0,50,50,47,1,0,0,2,NA,NA,NA,NA,NA,NA,1,NA,1,1
10388891665,30nov2018 16:15:48,30nov2018 16:20:38,0,0,NA,NA,NA,NA,NA,NA,NA,NA,NA,NA,1,5,1,50,75,25,0,75,75,25,0,75,NA,2,2,2,None.,1,2,7,7,16,640,60,0,0,0,0,100,75,75,10,0,0,1,2,NA,NA,NA,NA,NA,NA,NA,2,NA,1
10388885449,30nov2018 16:13:06,30nov2018 16:15:36,1,1,0,0,NA,NA,NA,NA,0,100,0,1,0,0,NA,NA,NA,NA,NA,NA,NA,NA,NA,NA,NA,NA,NA,NA,,NA,3,4,8,5,300,41,5,15,40,40,0,64,75,16,0,1,2,2,NA,NA,NA,NA,NA,NA,1,NA,1,0
10388882156,30nov2018 16:11:01,30nov2018 16:19:34,1,5,1,80,10,90,0,60,20,80,0,80,1,20,1,50,50,50,0,50,50,50,0,70,1,1,3,2,Men tend to ask when it relates to passing where women's requests relate to the grade itself,1,4,2,2,3,130,60,15,25,30,30,NA,65,65,36,0,0,1,2,NA,NA,NA,NA,NA,NA,2,2,1,1
10388881370,30nov2018 16:10:38,30nov2018 16:17:26,1,1,0,0,NA,NA,NA,NA,10,90,0,80,1,5,0,0,NA,NA,NA,NA,70,30,0,80,NA,NA,NA,NA,no,NA,1,11,19,31,400,10,10,10,30,30,20,80,84,2,NA,0,NA,2,NA,NA,NA,NA,NA,NA,1,1,1,0
10320763383,01nov2018 19:16:53,01nov2018 19:27:19,1,5,1,87,30,70,0,43,50,50,0,83,1,34,1,61,80,10,10,70,70,30,0,60,1,2,3,2,"Entitlement from males. Expectation that not paying attention in class will result in an individual / personalized lecture to either bring grade up or improve final project. Males tend to argue individual points and questions whereas females tend to request an extra credit assignment or way of making up missing points, males want you to simply add points.",1,8,2,5,3,100,56,0,10,70,10,10,81,91,62,1,0,0,1,1,0,0,0,1,0,2,2,1,1
10320037613,01nov2018 13:26:55,01nov2018 13:33:52,1,2,1,90,50,50,0,80,50,50,0,90,1,5,1,50,75,25,0,75,75,25,0,85,1,2,3,2,"not responding to the question, just want to say that I try to teach to minimize such requests, don't get many of them, and don't remember the details well.",1,1,18,18,10,750,45,10,25,35,30,NA,75,75,3,1,1,4,1,1,0,0,0,1,0,2,2,1,1
10319095169,01nov2018 07:56:13,01nov2018 08:02:24,1,5,1,100,33,67,0,30,NA,NA,NA,NA,1,10,1,50,10,90,0,72,10,90,0,73,NA,2,3,2,,1,7,10,16,1,70,80,25,40,20,15,0,72,77,52,0,1,4,1,1,0,0,0,1,0,3,2,1,1
10317462020,31oct2018 14:27:39,31oct2018 14:37:27,1,2,1,40,25,75,0,50,25,75,0,50,1,3,1,40,25,75,0,50,25,75,0,50,2,2,2,2,,1,5,20,20,10,600,40,0,10,50,40,NA,50,50,44,0,1,3,1,0,1,0,0,1,0,2,2,1,1
10313584905,30oct2018 10:25:53,30oct2018 10:37:00,1,2,0,0,NA,NA,NA,NA,0,100,0,44,0,0,NA,NA,NA,NA,NA,NA,NA,NA,NA,NA,NA,NA,2,2,The majority of students taking my classes are female.  Only 1-2% are male,1,1,13,13,18,230,4,15,65,15,5,NA,60,60,2,1,0,1,1,0,0,1,0,0,1,1,NA,1,1
10313501826,30oct2018 09:58:52,30oct2018 10:07:43,1,20,1,70,1,95,4,50,3,95,2,90,1,30,1,80,3,95,2,50,3,95,2,85,1,1,3,3,"Male students are very aggressive in terms of their language and behavior, often trying to intimidate or dominate me both in writing and in person. These students rarely have read or followed the procedures for making regrade requests that are outlined in the syllabus. Female students tend to use the strategies and techniques they've learned from class (I teach communication) to make their requests and follow the procedures outlined on the syllabus. They are respectful of me and are willing to discuss their work and learn from it rather than insisting specifically on an improvement to their grade.",1,2,6,13,31,5600,71,0,40,40,20,NA,75,85,10,1,0,1,1,1,0,0,1,0,0,2,2,1,1
10313466687,30oct2018 09:46:35,30oct2018 09:53:26,0,0,NA,NA,NA,NA,NA,NA,NA,NA,NA,NA,1,5,1,3,50,50,0,77,50,50,0,77,NA,2,2,2,none,1,6,21,21,16,400,45,0,10,45,45,NA,75,85,49,0,1,4,1,0,1,0,0,1,0,NA,2,NA,1
10311621104,29oct2018 15:21:59,29oct2018 15:31:40,1,5,1,25,0,100,0,50,0,100,0,75,1,3,1,50,33,34,33,85,33,34,33,85,3,3,2,2,,1,4,21,21,21,525,75,0,0,5,95,0,48,60,25,1,1,4,1,0,0,1,0,0,1,2,2,1,1
10311538717,29oct2018 14:48:48,29oct2018 14:54:46,1,10,1,60,0,100,0,50,0,100,0,80,1,10,1,50,5,95,0,50,5,95,0,80,1,2,3,2,,1,2,9,17,20,900,40,0,10,40,50,0,50,85,10,1,1,3,1,1,0,0,0,1,0,2,2,1,1
10311271121,29oct2018 13:11:29,29oct2018 13:20:01,1,5,1,25,25,50,25,60,25,50,25,85,1,10,1,51,15,60,25,60,10,70,20,70,3,3,3,1,Male students tend to present their regrade requests more nicely than female students do.,1,4,2,2,4,450,50,80,10,5,5,NA,80,80,33,1,0,0,1,0,0,1,0,0,1,2,2,1,1
10311195810,29oct2018 12:45:01,29oct2018 12:57:34,1,5,1,75,0,100,0,50,0,100,0,50,1,10,1,75,5,95,0,50,5,95,0,50,1,1,2,2,Males may be more likely to assume that the low exam result is due to grading error and females may be more likely to assume that the low exam result is due to their performance.,1,4,12,20,31,4500,30,25,25,30,20,NA,80,80,22,1,0,1,1,1,0,0,1,0,0,2,2,1,1
10311158294,29oct2018 12:30:55,29oct2018 12:43:35,1,7,1,50,0,100,0,70,0,100,0,70,1,25,1,60,0,100,0,30,0,100,0,50,2,1,3,2,The male students tend to have more of an aggressive attitude with an expectation that things change more than the female students. The male students usually approach the regrade with a defensive attitude. ,1,5,3,3,14,530,37,60,10,10,20,NA,50,50,44,1,0,0,1,0,1,0,1,0,0,2,2,1,1
10310874027,29oct2018 10:52:31,29oct2018 10:58:15,1,4,1,50,50,50,0,65,50,50,0,65,1,5,1,49,75,25,0,75,75,25,0,75,1,2,2,2,,1,2,8,8,30,3000,64,9,30,40,20,1,76,70,9,1,0,1,1,1,0,0,0,1,0,2,2,1,1
10310854828,29oct2018 10:45:35,29oct2018 10:52:34,1,2,1,50,0,100,0,25,0,100,0,25,1,8,1,25,50,50,0,75,50,50,0,75,3,3,1,2,,1,5,1,1,3,190,50,10,20,40,30,NA,65,65,45,0,0,0,1,0,0,1,0,0,1,2,2,1,1
10310854175,29oct2018 10:44:56,29oct2018 11:00:45,1,1,1,49,1,99,0,40,1,99,0,41,1,1,1,13,2,98,0,53,2,98,0,51,3,3,2,2,emotional reactions from females,1,4,17,20,22,800,33,70,20,5,5,NA,53,49,32,1,0,1,1,0,0,1,0,0,1,2,2,1,1
10310802685,29oct2018 10:28:07,29oct2018 10:56:25,1,5,1,50,80,20,0,80,60,40,0,90,1,10,1,40,50,45,5,50,60,40,0,60,2,2,3,3,I have more women asking for (undeserved) passing grades but men ask too.  I have more women asking for regrades that are deserved.  But I also tend to have more women in my classes.,1,5,7,12,14,100,30,10,30,30,30,0,40,60,44,1,1,4,1,0,1,0,0,1,0,2,2,1,1
10310706735,29oct2018 09:55:21,29oct2018 10:03:10,1,10,1,50,5,94,1,6,5,94,1,9,1,33,1,32,95,5,0,53,95,5,0,58,2,2,2,2,,1,6,21,4,5,30,50,0,0,35,55,10,50,50,50,0,1,4,1,0,1,0,0,1,0,2,2,1,1
10310697605,29oct2018 09:52:39,29oct2018 09:58:13,1,5,1,50,50,50,0,90,50,50,0,90,1,15,1,50,50,50,0,70,50,50,0,70,2,2,2,2,"None that come to mind, no.",1,2,1,11,6,200,50,0,0,20,80,0,50,50,7,0,1,2,1,0,1,0,0,1,0,2,2,1,1
10310671455,29oct2018 09:43:40,29oct2018 09:48:21,1,10,1,49,0,100,0,50,0,100,0,50,1,25,1,50,80,20,0,80,80,20,0,80,2,2,2,2,,1,5,2,2,5,125,50,50,40,5,5,0,50,50,40,1,0,0,1,0,1,0,0,1,0,2,2,1,1
10310651502,29oct2018 09:36:53,29oct2018 09:42:48,1,1,1,50,0,100,0,50,0,100,0,50,1,1,1,50,20,80,0,50,20,80,0,50,2,2,2,2,No,1,5,21,21,5,60,30,0,0,40,50,10,50,50,39,0,1,4,1,0,1,0,0,1,0,2,2,1,1
10310649866,29oct2018 09:35:41,29oct2018 09:50:04,0,0,NA,NA,NA,NA,NA,NA,NA,NA,NA,NA,1,25,1,70,25,73,2,25,20,80,0,25,NA,1,2,1,,1,7,1,1,2,90,85,0,10,70,20,0,75,80,56,0,0,0,1,1,0,0,1,0,0,NA,2,NA,1
10310615907,29oct2018 09:21:51,29oct2018 09:47:04,1,9,1,88,6,94,0,46,4,96,0,78,1,32,1,94,20,80,0,50,22,78,0,65,1,1,3,2,In this particular major there are MANY more male students than female students.  The female students definitely tend to be shyer (less willing) to ask for things like regrade requests -- or very reasonable coaching/teaching assistance -- than the male students. ,1,5,14,14,10,200,89,92,4,2,2,0,54,79,41,1,0,1,1,1,0,0,1,0,0,2,2,1,1
10310606442,29oct2018 09:21:31,29oct2018 09:27:12,1,1,1,50,55,45,0,45,55,45,0,45,1,5,1,50,60,40,0,45,60,40,0,45,2,2,2,2,,1,5,16,16,31,5000,60,25,30,30,15,NA,45,45,42,0,1,3,1,0,1,0,0,1,0,2,2,1,1
10310601067,29oct2018 09:19:23,29oct2018 09:32:44,1,10,1,50,10,90,0,25,10,90,0,25,1,15,1,50,30,70,0,40,30,70,0,40,2,1,2,2,,1,4,5,5,24,800,60,30,30,30,10,NA,50,50,25,1,0,0,1,0,1,0,1,0,0,2,2,1,1
10310577667,29oct2018 09:11:39,29oct2018 09:17:48,1,5,1,75,20,80,0,25,20,80,0,25,1,5,1,75,30,70,0,25,30,70,0,25,1,2,2,2,"My department has a very high male enrollment compared to female enrollment, so I have more male students that ask for grade reviews than females due to enrollment. ",1,3,0,5,1,73,80,0,0,10,90,0,25,25,13,0,1,2,1,1,0,0,0,1,0,2,2,1,1
10310570682,29oct2018 09:09:34,29oct2018 09:17:18,1,5,1,100,25,75,0,10,NA,NA,NA,NA,1,15,1,50,40,60,0,60,60,40,0,75,NA,2,3,3,Female students seem to ask about regrading more promptly while male students often procrastinate before reviewing their work and asking for regrading.,1,8,4,6,10,500,65,0,0,50,50,0,70,85,60,0,1,2,1,1,0,0,0,1,0,3,2,1,1
10310553561,29oct2018 09:04:02,29oct2018 09:11:08,1,1,1,100,100,0,0,60,NA,NA,NA,NA,0,0,NA,NA,NA,NA,NA,NA,NA,NA,NA,NA,NA,NA,2,2,"No, as I have only had 1 (male) student request a regrade. Please be careful with my data.",1,5,3,3,6,250,45,27,27,27,19,NA,50,50,45,0,0,0,1,0,1,0,0,1,0,3,NA,1,1
10310537276,29oct2018 08:58:26,29oct2018 09:05:45,0,0,NA,NA,NA,NA,NA,NA,NA,NA,NA,NA,1,4,1,50,5,95,0,25,5,95,0,10,NA,2,1,3,,1,1,0,0,1,60,50,0,50,40,10,0,45,65,5,1,0,0,1,1,0,0,0,1,0,NA,2,NA,1
10310531025,29oct2018 08:55:40,29oct2018 09:05:10,1,3,1,40,60,40,0,55,60,40,0,60,1,15,1,50,60,40,0,60,60,40,0,60,2,2,2,2,N/A,4,5,12,17,4,500,45,40,10,5,45,0,65,70,38,1,1,3,1,0,1,0,0,1,0,2,2,1,0
10310522397,29oct2018 08:53:15,29oct2018 08:59:50,1,2,1,100,0,100,0,50,NA,NA,NA,NA,1,10,1,75,50,50,0,50,50,50,0,50,NA,1,2,2,,5,5,2,2,6,130,29,50,25,25,0,0,50,50,39,1,0,0,1,1,0,0,1,0,0,3,2,1,0
10310518938,29oct2018 08:52:02,29oct2018 09:11:29,1,2,1,95,100,0,0,100,100,0,0,0,1,5,1,95,100,0,0,50,100,0,0,50,1,1,2,2,,1,4,0,0,1,30,50,10,10,30,50,NA,75,75,27,1,0,1,1,1,0,0,1,0,0,2,2,1,1
10310518469,29oct2018 08:51:24,29oct2018 08:59:15,1,7,1,50,0,100,0,50,0,100,0,50,1,5,1,50,0,100,0,50,0,100,0,50,2,2,2,2,none,1,3,13,13,15,700,50,0,5,48,45,2,60,60,16,0,1,3,1,0,1,0,0,1,0,2,2,1,1
10310505615,29oct2018 08:47:22,29oct2018 08:53:58,1,10,1,80,5,90,5,80,5,90,5,80,1,15,1,60,70,30,0,90,70,30,0,90,1,2,2,2,Generally I get fewer regrade requests from female students at the end of the semester because they seem to have their act together better than some of the male students.,1,7,21,21,5,500,55,0,0,40,60,0,85,85,53,0,1,4,1,1,0,0,0,1,0,2,2,1,1
10310490328,29oct2018 08:38:38,29oct2018 08:49:34,1,15,1,70,10,90,0,75,10,90,0,75,1,25,1,70,10,90,0,60,10,90,0,60,1,2,2,2,"Their approaches in asking are very different; I said ""as aggressive"" because they tend to be as common and as insistent, but actual language/tone/body language tends to be a bit more aggressive.",1,4,10,11,31,1300,40,20,30,30,20,0,75,75,26,1,0,1,1,1,0,0,0,1,0,2,2,1,1
10310480976,29oct2018 08:37:05,29oct2018 08:46:39,1,5,1,100,0,100,0,33,NA,NA,NA,NA,1,20,1,80,15,85,0,30,15,85,0,30,NA,1,3,2,Male students typically asked for regrades at the end of the semester without any reasoning to support why they believed their final grades should be changed. I had no female students that asked for their final grades to change. I was required to answer questions 4 and 6 which were about female students and their final semester grades even though this wasn't applicable.,1,8,1,1,2,300,50,5,40,45,10,NA,50,60,58,1,0,0,1,1,0,0,1,0,0,3,2,1,1
10310472505,29oct2018 08:35:18,29oct2018 08:40:39,1,5,1,100,50,50,0,1,NA,NA,NA,NA,1,20,1,30,50,50,0,70,50,50,0,40,NA,3,3,2,,1,6,1,1,1,60,35,80,20,0,0,0,72,75,47,1,0,0,1,1,0,0,0,0,1,3,2,1,1
10310471363,29oct2018 08:34:47,29oct2018 08:46:59,1,9,1,51,50,50,0,46,50,50,0,53,1,11,1,50,70,30,0,86,70,30,0,84,2,2,2,2,"Students who requests regrades based on a logical analysis of the grading rubric appear to be highly performing students, regardless of gender identity. Likewise, underperforming students who request regrades may be passionate about their personal challenges and in linking why they are underperforming to factors outside of the classroom. I note this distinction with more prevalence than a tangible divide in the student's gender identity. Interesting survey!",5,4,6,6,12,600,29,5,20,40,35,0,82,91,27,1,0,NA,1,0,1,0,0,1,0,2,2,1,0
10310460428,29oct2018 08:30:45,29oct2018 08:37:10,1,75,1,23,0,100,0,40,0,100,0,50,1,75,1,30,5,95,0,60,5,95,0,70,2,2,3,2,"I have observed that more females ask, but that they are usually doing better in the class than males that don't ask.",1,6,19,21,12,500,30,0,15,45,35,5,80,95,50,1,1,4,1,0,1,0,0,1,0,2,2,1,1
10310448655,29oct2018 08:26:19,29oct2018 08:35:02,1,10,1,70,5,95,0,70,5,95,0,88,1,30,1,50,10,90,0,52,10,90,0,94,1,3,3,2,Female students are more persistent (on average) and will ask several times using multiple arguments as to why their grade needs to be changed.    Male students tend to have an air of expectation that their request will be granted and incredulity when it is denied.  Female students tend to have an air of hope when asking and resignation when it is denied.,1,5,21,21,3,80,65,30,10,20,40,NA,70,85,40,1,1,4,1,1,0,0,0,0,1,2,2,1,1
10310443375,29oct2018 08:24:22,29oct2018 08:39:50,1,1,1,50,0,100,0,70,0,100,0,70,1,5,1,50,50,50,0,80,50,50,0,80,2,2,2,2,No,1,5,2,2,16,1000,80,10,30,30,30,NA,80,85,41,0,0,1,1,0,1,0,0,1,0,2,2,1,1
10310442516,29oct2018 08:22:57,29oct2018 08:30:44,1,2,1,50,50,50,0,75,50,50,0,75,1,10,1,50,75,25,0,75,75,25,0,75,2,2,2,2,,2,8,18,21,22,335,75,10,20,35,35,0,65,65,59,0,1,4,1,0,1,0,0,1,0,2,2,1,0
10310341765,29oct2018 07:45:07,29oct2018 07:52:07,1,2,1,50,0,100,0,90,0,100,0,90,1,5,1,50,2,98,0,90,2,98,0,90,2,2,2,2,"It tends to align with future professional school aspirations.......thus, if there are more female students that year or more male students percentages will change",1,6,21,21,15,450,50,0,0,0,100,0,85,85,49,1,1,3,1,0,1,0,0,1,0,2,2,1,1
10310341028,29oct2018 07:44:50,29oct2018 07:50:06,1,10,1,30,50,50,0,40,50,50,0,40,1,50,1,40,50,50,0,45,50,50,0,45,3,3,2,2,,1,1,3,3,31,1300,80,50,15,15,20,NA,70,60,2,1,1,2,1,0,0,1,0,0,1,2,2,1,1
10310298928,29oct2018 07:27:23,29oct2018 07:41:28,1,30,1,20,50,50,0,10,10,90,0,80,1,10,1,20,10,90,0,30,10,90,0,50,3,3,3,2,"I'm really not sure. See, I tend NOT to consider my student's gender when interacting with them. The TA training puts a large emphasis on this.",5,7,3,0,4,1000,58,10,30,30,30,0,60,60,52,0,0,0,1,0,0,1,0,0,1,2,2,1,0
10310275889,29oct2018 07:18:06,29oct2018 07:29:10,1,1,0,0,NA,NA,NA,NA,0,100,0,73,0,0,NA,NA,NA,NA,NA,NA,NA,NA,NA,NA,NA,NA,3,2,,1,5,21,21,15,1000,26,0,0,50,50,0,90,69,44,0,1,4,1,0,0,1,0,0,1,1,NA,1,1
10310213366,29oct2018 06:42:57,29oct2018 07:01:51,1,2,1,100,50,50,0,50,NA,NA,NA,NA,1,30,1,20,50,50,0,20,50,50,0,25,NA,3,3,2,"I have significantly more female students than male so you should take my gender differences answers with a grain of salt. The only two male students who have asked for an end of the semester grade change were student #1: very smart but lots of mental health issues and #2: not particularly intelligent/didn't work too hard but persuasive. The women more frequently ask for during-semester regrades and this is general due to them having missed assignments or tests due to health issues, work conflicts, roommate issues, mental health problems, etc",1,4,7,10,30,360,10,25,25,25,25,NA,10,80,31,1,0,1,1,1,0,0,0,0,1,3,2,1,1
10310138415,29oct2018 06:12:52,29oct2018 06:25:58,1,2,1,60,50,50,0,75,50,50,0,80,1,5,1,5,20,80,0,80,20,80,0,80,2,2,2,2,Female students often have more excuses,1,1,21,21,31,400,50,0,10,30,50,10,85,85,3,0,1,4,1,0,1,0,0,1,0,2,2,1,1
10310132502,29oct2018 06:09:37,29oct2018 06:19:35,1,4,1,50,25,75,0,50,25,75,0,90,1,10,1,70,75,25,0,50,75,25,0,75,2,1,3,2,,1,2,12,16,20,900,70,0,10,50,40,0,50,50,10,1,1,4,1,0,1,0,1,0,0,2,2,1,1
10309802722,29oct2018 02:05:25,29oct2018 02:14:23,1,28,1,60,5,93,2,63,10,90,0,77,1,80,1,50,10,90,0,75,10,90,0,90,1,3,3,2,,1,6,1,3,2,80,30,0,10,30,60,NA,75,80,50,1,0,0,1,1,0,0,0,0,1,2,2,1,1
10309619245,28oct2018 22:34:42,28oct2018 22:49:40,1,5,1,51,5,95,0,61,5,95,0,66,1,21,1,71,60,40,0,50,60,40,0,77,2,1,3,2,"One thing you didn't ask, my class has more females than males, but about the same number of males ask for re grades as females at the end, and more during the semester, but this represents a higher percentage of males asking than females.  At least I think this didn't get asked.",1,6,21,21,31,1240,40,0,20,40,38,2,44,62,50,1,1,4,1,0,1,0,1,0,0,2,2,1,1
10309615478,28oct2018 22:29:38,28oct2018 22:40:21,1,5,1,50,0,100,0,50,0,100,0,50,1,15,1,50,80,19,1,50,80,20,0,50,2,2,2,2,"I have never really kept track of the male/female differences for my classes, and have not noticed gender differences. I do not change grades after the semester has ended (unless it is to correct an error in entering a grade in the gradebook).  ",1,7,12,12,10,800,50,30,0,25,45,0,50,50,53,0,1,4,1,0,1,0,0,1,0,2,2,1,1
10309606970,28oct2018 22:20:03,28oct2018 22:27:30,1,20,1,50,0,100,0,83,0,100,0,63,0,0,NA,NA,NA,NA,NA,NA,NA,NA,NA,NA,1,NA,1,2,No,4,4,0,8,1,11,82,30,50,20,0,0,77,77,25,1,0,0,1,1,0,0,1,0,0,2,NA,1,0
10309606182,28oct2018 22:18:40,28oct2018 22:29:25,1,2,1,75,0,100,0,20,0,100,0,80,1,10,1,80,2,98,0,70,2,98,0,80,1,1,3,2,None. Our discipline has very few women in most of the classes.,4,5,18,18,13,900,88,24,24,24,24,4,80,90,41,0,1,4,1,1,0,0,1,0,0,2,2,1,0
10304938050,26oct2018 00:20:49,26oct2018 00:33:26,1,2,1,80,20,30,50,15,40,20,40,68,1,30,1,75,30,50,20,50,40,30,30,50,1,1,3,3,"Usually, a re-grade request by male students to me (a female instructor) is more about questioning if I had the right or knew what I was doing when I graded them thusly. A female re-grade request is often focused more on trying to understand what they did wrong and if some of what they put was right.      As such, that is why I have noticed that re-grades for males has failed more often that females when I am the instructor.     Additionally, re-grade requests often get lower grades because I have no mercy/leniency for casual mistakes.  When I have re-graded an assignment/quiz, I warn them that I will re-grade the whole document with a careful eye.  That yields (often) a loss of points rather than gain of points.  ",3,6,3,7,7,400,60,40,10,20,20,10,50,50,50,1,0,0,1,1,0,0,1,0,0,2,2,1,0
10303649912,25oct2018 11:37:39,25oct2018 12:36:59,1,1,1,50,100,0,0,66,100,0,0,66,1,5,1,50,80,20,0,64,80,20,0,66,2,2,2,2,,1,8,8,8,10,900,50,5,10,70,10,5,50,50,58,0,1,4,1,0,1,0,0,1,0,2,2,1,1
10300236342,24oct2018 07:55:04,24oct2018 08:04:36,1,2,0,0,NA,NA,NA,NA,50,50,0,50,1,15,1,30,30,70,0,60,30,70,0,75,NA,3,3,2,,1,3,5,5,17,205,34,25,15,30,30,NA,75,75,19,0,0,1,1,0,1,0,0,0,1,1,2,1,1
10298907525,23oct2018 16:50:34,23oct2018 16:56:24,1,2,1,50,0,100,0,50,0,100,0,50,1,1,1,50,0,100,0,50,0,100,0,50,2,2,2,2,,1,2,21,21,6,400,50,0,25,55,20,NA,43,57,11,0,1,4,1,0,1,0,0,1,0,2,2,1,1
10296606179,22oct2018 20:43:09,22oct2018 20:46:49,1,1,1,50,25,75,0,75,25,75,0,75,0,0,NA,NA,NA,NA,NA,NA,NA,NA,NA,NA,2,NA,2,2,,1,2,5,5,16,1000,45,0,10,40,50,0,60,75,11,0,1,2,1,0,1,0,0,1,0,2,NA,1,1
10296308927,22oct2018 17:15:55,22oct2018 17:21:28,1,10,1,50,10,90,0,90,10,90,0,80,1,30,1,60,60,40,0,70,80,20,0,90,2,2,3,2,,1,1,1,1,2,150,50,10,20,60,10,NA,28,64,3,1,0,0,1,0,1,0,0,1,0,2,2,1,1
10296283728,22oct2018 16:59:49,22oct2018 17:11:12,1,5,1,50,0,100,0,60,0,100,0,60,1,2,1,50,5,95,0,70,5,95,0,70,2,2,2,2,,1,6,21,21,31,1300,40,0,8,45,45,2,80,83,50,1,1,3,1,0,1,0,0,1,0,2,2,1,1
10296071626,22oct2018 15:08:32,22oct2018 15:13:36,1,7,1,50,0,100,0,50,0,100,0,50,1,25,1,50,50,50,0,60,50,50,0,60,2,2,2,2,,1,5,6,6,12,1000,50,15,50,20,15,NA,50,50,45,0,0,NA,1,0,1,0,0,1,0,2,2,1,1
10296043448,22oct2018 14:55:51,22oct2018 15:05:40,1,1,1,100,0,100,0,20,NA,NA,NA,NA,1,30,1,50,95,5,0,90,95,5,0,90,NA,2,2,2,No.,1,5,1,1,8,180,40,46,11,11,32,NA,90,90,39,1,0,0,1,1,0,0,0,1,0,3,2,1,1
10295965080,22oct2018 14:23:28,22oct2018 14:34:49,0,0,NA,NA,NA,NA,NA,NA,NA,NA,NA,NA,1,5,1,50,50,50,0,75,50,50,0,75,NA,2,2,2,Females tend to phrase their regrade requests as requests for confirmation that the scoring was accurate.  Males tend to bring examples of work that they believe is similar that received higher scores.,1,7,18,20,31,725,50,0,0,0,100,NA,50,50,53,1,0,1,1,0,1,0,0,1,0,NA,2,NA,1
10295736659,22oct2018 12:56:40,22oct2018 13:02:32,1,2,1,50,0,100,0,15,0,100,0,50,1,20,1,50,25,75,0,50,25,75,0,50,1,1,2,2,,1,5,20,20,10,750,85,33,33,0,34,0,50,60,41,0,1,4,1,1,0,0,1,0,0,2,2,1,1
10295650660,22oct2018 12:17:58,22oct2018 12:29:54,1,1,1,75,5,95,0,95,5,95,0,95,1,1,1,75,2,98,0,95,2,98,0,95,1,2,2,2,Not that I've seen,1,6,14,17,25,1300,20,0,25,35,30,10,65,65,50,0,1,3,1,1,0,0,0,1,0,2,2,1,1
10295431219,22oct2018 11:04:10,22oct2018 11:12:09,1,3,1,95,30,70,0,10,0,100,0,85,1,17,1,92,95,5,0,45,100,0,0,80,1,1,3,1,Male students showed a more deserving attitude when they made the requests.,4,4,5,6,20,700,70,10,25,30,30,5,40,60,25,1,1,2,1,1,0,0,1,0,0,2,2,1,0
10295424391,22oct2018 11:01:47,22oct2018 11:17:20,1,9,1,10,20,60,20,60,10,60,30,60,1,10,1,10,10,60,30,60,10,60,30,90,3,3,3,2,,3,1,11,15,17,1500,20,0,50,40,10,0,35,65,2,0,1,3,1,0,0,1,0,0,1,2,2,1,0
10295335087,22oct2018 10:30:35,22oct2018 10:40:01,1,3,1,16,10,90,0,35,10,90,0,35,1,30,1,50,80,20,0,37,80,20,0,40,2,2,2,2,No,1,3,21,21,15,200,25,0,0,0,100,0,58,58,19,1,0,NA,1,0,1,0,0,1,0,2,2,1,1
10295329948,22oct2018 10:28:43,22oct2018 10:34:30,1,20,1,52,0,100,0,50,0,100,0,80,1,20,1,50,0,100,0,50,0,100,0,60,1,2,3,2,"The male students who have asked for such changes have often referred to me by my first name or as ""mrs..."" rather than Dr. or Professor. ",1,5,13,16,15,500,35,0,20,40,40,NA,70,70,44,1,1,3,1,1,0,0,0,1,0,2,2,1,1
10295296115,22oct2018 10:17:04,22oct2018 10:27:59,1,2,1,50,50,50,0,10,50,50,0,10,1,5,1,50,50,50,0,15,50,50,0,15,2,3,2,2,no,1,3,21,21,10,1025,42,0,0,25,50,25,46,58,15,1,1,4,1,0,1,0,0,0,1,2,2,1,1
10295163308,22oct2018 09:33:05,22oct2018 09:48:16,1,3,1,50,80,20,0,75,80,20,0,75,1,30,1,50,30,70,0,86,30,70,0,86,2,3,2,2,"In my experience, certain upper level Biology classes have more females than males.  However, there doesn't seem to a drastic ability or behavior difference between the male and female students. ",4,8,4,4,3,200,33,0,0,30,70,0,75,75,NA,1,0,0,1,0,1,0,0,0,1,2,2,1,0
10295036983,22oct2018 08:51:54,22oct2018 08:57:44,0,0,NA,NA,NA,NA,NA,NA,NA,NA,NA,NA,1,2,1,50,30,70,0,40,30,70,0,40,NA,2,2,2,"I have very, very few regrade requests, so it is hard to generalize from such a tiny sample.",1,5,5,14,8,190,70,20,50,10,20,0,45,55,42,0,1,2,1,0,1,0,0,1,0,NA,2,NA,1
10295027329,22oct2018 08:48:52,22oct2018 08:58:20,1,5,1,75,10,90,0,30,10,90,0,50,1,10,1,75,50,50,0,50,75,25,0,25,1,1,3,2,"It is harder to get men students to give up.  They either won't leave my office until I give them a point or two, or at the end of the semester they are more likely to keep sending emails instead of accepting my first response.  I also seem to have particular trouble with some men international students.",1,7,12,12,10,750,80,0,0,80,20,0,50,75,54,1,1,3,1,1,0,0,1,0,0,2,2,1,1
10295010219,22oct2018 08:41:21,22oct2018 08:52:24,1,2,1,1,0,100,0,5,0,100,0,5,1,2,1,1,10,90,0,5,10,90,0,5,2,2,2,2,no,1,1,6,20,1,500,15,5,10,70,15,NA,40,60,2,0,1,4,1,0,1,0,0,1,0,2,2,1,1
10294988093,22oct2018 08:35:54,22oct2018 08:48:10,1,1,1,50,10,90,0,25,10,90,0,50,1,5,1,50,15,85,0,25,15,85,0,50,2,2,3,2,,1,1,11,11,6,420,45,5,20,35,40,NA,60,60,5,0,1,3,1,0,1,0,0,1,0,2,2,1,1
10294950732,22oct2018 08:23:45,22oct2018 08:28:44,1,2,1,25,50,50,0,80,50,50,0,80,1,20,1,25,75,25,0,70,75,25,0,70,2,2,2,2,no,1,6,20,20,31,2000,25,0,15,60,20,5,75,75,50,0,0,1,1,0,1,0,0,1,0,2,2,1,1
10294944829,22oct2018 08:21:35,22oct2018 08:33:54,1,1,1,50,5,95,0,33,5,95,0,66,1,3,1,50,5,95,0,50,5,95,0,66,1,1,3,2,"While I've had both male and female students ask pre and post grades being posted they're more inclined to ask pre final grade thinking that once it's posted it can't be changed.  Again while both male and female students have asked at both points, I've only ever had male students threaten to do a grade appeal if I didn't change the grade.  About 3 male students have threatened in the last 5 years and only one followed through (the committee determined the grade should not be changed from that which was originally awarded)",1,3,5,5,27,550,40,0,5,50,45,0,75,75,16,1,0,1,1,1,0,0,1,0,0,2,2,1,1
10294865196,22oct2018 07:53:41,22oct2018 08:00:08,1,10,1,7,100,0,0,10,100,0,0,70,1,10,1,49,100,0,0,70,100,0,0,70,1,2,3,2,Female students tend to cry or express nervous/anxious behavior when asking for regrades,3,1,6,6,4,110,50,0,0,50,50,0,65,75,3,1,1,2,1,1,0,0,0,1,0,2,2,1,0
10294668680,22oct2018 06:30:02,22oct2018 06:39:30,1,7,1,85,90,10,0,40,100,0,0,40,0,0,NA,NA,NA,NA,NA,NA,NA,NA,NA,NA,1,NA,3,2,"I dont receive regrade requests during the semester, but the last page wouldn't allow for that option for each question.",1,2,5,5,31,1300,70,0,5,15,80,0,79,80,10,1,0,1,1,1,0,0,0,1,0,2,NA,1,1
10294205214,22oct2018 00:28:58,22oct2018 00:36:19,1,5,1,81,10,90,0,33,10,90,0,33,1,10,1,75,15,84,1,50,15,84,1,50,1,1,2,2,"Please take into account that in my discipline (STEM) there is a higher ratio of male than female students, so naturally more requests come from male.",5,5,18,21,4,100,75,20,20,30,30,NA,50,50,42,0,1,4,1,1,0,0,1,0,0,2,2,1,0
10294022703,21oct2018 20:45:16,21oct2018 20:52:32,1,2,1,90,20,80,0,85,20,80,0,86,1,20,1,80,10,90,0,85,10,90,0,85,2,1,2,2,N/A,5,3,5,9,10,1000,85,20,60,5,15,NA,85,85,NA,0,1,3,1,0,1,0,1,0,0,2,2,1,0
10294009472,21oct2018 20:29:27,21oct2018 20:44:14,1,5,1,75,0,100,0,80,0,100,0,80,1,2,1,80,25,75,0,79,50,50,0,90,1,1,3,3,,1,8,5,7,31,6150,70,50,30,10,10,NA,75,80,61,0,0,1,1,1,0,0,1,0,0,2,2,1,1
10294005346,21oct2018 20:24:36,21oct2018 20:31:55,1,3,1,50,20,80,0,50,20,80,0,50,1,11,1,50,50,50,0,50,50,50,0,50,1,1,2,2,,1,3,3,3,15,250,93,0,10,80,10,NA,85,90,13,0,0,1,1,1,0,0,1,0,0,2,2,1,1
10294004702,21oct2018 20:24:07,21oct2018 20:32:22,1,5,1,87,0,100,0,30,0,100,0,30,1,15,1,90,50,50,0,50,50,50,0,50,2,2,2,2,"Hard to say, my classes are 80-90% male.  Not great for gathering your desired data.  One thing I have really noticed is that end of semester requests are almost always international students and they are much more aggressive than other students.",1,5,2,6,11,1000,80,40,20,20,19,1,70,90,41,0,0,1,1,0,1,0,0,1,0,2,2,1,1
10294003201,21oct2018 20:22:03,21oct2018 20:30:50,1,2,1,70,40,60,0,2,40,60,0,90,1,15,1,54,80,20,0,85,80,20,0,85,1,2,3,3,"My experience has been that poor male students want a bump at the end of the semester to pass, while female students who want a bump want to get the highest GPA possible. Male students tend to use threats more (e.g. I am going to complain to your dean, some office at CSU) or involve their parents. Generally, most students are great, but some recognize that they can take advantage of some of the staff at CSU that exist to help students. ",1,8,7,9,10,1000,60,5,20,35,35,5,85,85,NA,0,0,NA,1,1,0,0,0,1,0,2,2,1,1
10293995741,21oct2018 20:13:40,21oct2018 20:19:49,1,1,1,50,0,100,0,0,0,100,0,0,1,10,1,50,1,99,0,50,1,99,0,50,2,2,2,2,,1,3,17,19,5,250,40,90,5,3,2,NA,50,50,16,1,0,NA,1,0,1,0,0,1,0,2,2,1,1
10293994215,21oct2018 20:11:31,21oct2018 20:28:15,1,2,1,90,0,100,0,75,0,100,0,50,1,20,1,50,20,80,0,90,20,80,0,96,1,3,3,2,"Since I am female, I have had male students, asking for regrades, take off their glasses to show me how beautiful their eyes are. Their grade remained the same, however. ",1,2,4,4,19,1200,51,25,50,15,10,NA,75,85,8,1,0,1,1,1,0,0,0,0,1,2,2,1,1
10293990372,21oct2018 20:07:48,21oct2018 20:17:06,1,1,1,84,15,85,0,50,15,85,0,50,1,4,1,50,35,65,0,51,35,65,0,50,2,2,2,2,No. Perhaps not enough female students to form a significant sample.,4,5,21,21,13,750,80,10,25,40,20,5,50,50,41,0,1,4,1,0,1,0,0,1,0,2,2,1,0
10290952135,19oct2018 09:15:45,19oct2018 09:21:21,0,0,NA,NA,NA,NA,NA,NA,NA,NA,NA,NA,1,10,1,75,100,0,0,90,100,0,0,90,NA,1,1,2,,1,5,2,2,6,150,45,70,20,5,5,0,50,50,39,0,0,0,1,1,0,0,1,0,0,NA,2,NA,1
10286842348,17oct2018 16:21:27,17oct2018 16:44:51,1,2,1,53,0,100,0,45,0,100,0,60,1,8,1,56,0,100,0,50,10,90,0,54,3,1,3,3,,1,4,8,8,31,1000,47,50,25,20,5,0,50,50,26,1,0,1,1,0,0,1,1,0,0,2,2,1,1
10285578595,17oct2018 08:32:38,17oct2018 08:38:38,1,5,1,70,0,100,0,20,0,100,0,20,1,10,1,50,50,50,0,80,50,50,0,80,1,2,3,3,,3,4,11,11,16,500,60,0,0,50,50,NA,40,60,25,1,1,3,1,1,0,0,0,1,0,2,2,1,0
10283980075,16oct2018 15:36:33,16oct2018 15:48:57,1,5,1,55,0,100,0,45,0,100,0,45,1,3,1,50,0,100,0,30,0,100,0,30,2,2,2,2,"Female students who request regrades are sometimes more emotional (visibly upset, tears) in presenting their request than male students who request regrades.",1,4,21,21,18,250,50,45,25,15,15,0,45,55,28,1,1,4,1,0,1,0,0,1,0,2,2,1,1
10283810428,16oct2018 14:21:38,16oct2018 14:26:56,1,20,1,50,80,20,0,25,80,20,0,30,1,30,1,55,75,20,5,25,75,20,5,30,3,1,2,2,,1,4,1,0,3,125,40,0,50,25,25,0,50,50,29,1,0,0,1,0,0,1,1,0,0,2,2,1,1
10283110446,16oct2018 10:05:05,16oct2018 10:11:24,1,2,0,0,NA,NA,NA,NA,100,0,0,38,1,1,1,100,0,100,0,81,NA,NA,NA,NA,NA,NA,2,2,,4,5,3,12,1,105,50,0,0,0,100,0,50,50,38,1,1,2,1,0,1,0,0,1,0,1,3,1,0
10282940138,16oct2018 09:07:29,16oct2018 09:13:22,1,5,1,90,25,75,0,25,25,75,0,25,1,20,1,75,25,75,0,30,25,75,0,34,1,1,3,2,,1,4,17,21,12,500,51,70,20,5,5,0,50,57,33,0,1,4,1,1,0,0,1,0,0,2,2,1,1
10282889587,16oct2018 08:50:16,16oct2018 08:57:05,1,2,1,90,2,98,0,10,2,98,0,98,1,10,1,30,0,100,0,25,0,100,0,90,1,3,3,2,"Male students tend to be way more aggressive (""I deserve an A,"" ""do you know who I am?"") whereas female students are more motivated by a desire to get it right (""I do not think you understood the argument that I was making and I think if I explain it to you I can persuade you that I do know the material."")",1,4,15,20,14,800,50,10,10,10,70,0,70,70,33,1,1,4,1,1,0,0,0,0,1,2,2,1,1
10281244082,15oct2018 15:51:30,15oct2018 16:01:39,1,1,1,99,50,50,0,50,0,100,0,33,1,20,1,66,50,50,0,50,50,50,0,50,1,2,2,2,Female students are typically quicker to offer the details explaining their need of the regrade than male students.,1,4,5,10,25,600,40,60,27,10,3,NA,50,50,34,1,0,1,1,1,0,0,0,1,0,2,2,1,1
10280964638,15oct2018 13:50:54,15oct2018 14:03:56,1,2,1,80,5,95,0,40,20,80,0,75,1,20,1,70,10,90,0,20,25,75,0,60,1,1,3,3,"Male students often ask for regrading with an adamant belief that they have been wronged when they have not been wronged (and often performed at a lower level). In fact, female students request tend to be fewer and more justified than their more common male peers. As a male instructor, male students approach me with regrade requests that are either forceful (but not hostile) or with an ease suggesting a camaraderie among male instructors and students. In conversations with female and gender-fluid colleagues and grad students, this tone appears to be uncommon and their interactions are more hostile.  ",1,4,7,15,15,2500,50,10,30,30,30,NA,50,70,24,0,1,3,1,1,0,0,1,0,0,2,2,1,1
10280910266,15oct2018 13:29:55,15oct2018 13:36:07,1,5,1,50,0,100,0,51,0,100,0,52,0,0,NA,NA,NA,NA,NA,NA,NA,NA,NA,NA,2,NA,2,2,,1,4,21,21,31,1300,45,65,20,10,5,0,47,48,26,0,0,1,1,0,1,0,0,1,0,2,NA,1,1
10280692646,15oct2018 12:08:40,15oct2018 12:21:15,1,1,1,50,0,100,0,74,100,0,0,63,1,2,1,86,0,100,0,90,0,100,0,8,1,1,2,2,"There are gender non-conforming students who have asked.    Main difference I have experienced is that students form the racially dominant group are more aggressive and entitled.    Males may be more apt to ask in general.  However, women racially identified as 'white' have been aggressive.",5,4,6,20,18,450,40,25,30,22,22,1,70,81,27,1,1,2,1,1,0,0,1,0,0,2,2,1,0
10280638029,15oct2018 11:48:35,15oct2018 11:58:32,1,5,1,50,100,0,0,65,100,0,0,65,1,2,1,50,100,0,0,80,100,0,0,80,2,3,3,2,,1,4,15,21,25,900,50,0,15,40,40,5,75,75,36,0,1,3,1,0,1,0,0,0,1,2,2,1,1
10280525917,15oct2018 11:07:16,15oct2018 11:39:13,1,6,1,85,5,95,0,35,10,90,0,50,1,7,1,70,5,95,0,40,5,95,0,50,1,2,3,2,"Male students tend to be more pleading, at least through email. I have gotten a lot of, for lack of a better term ""ass-kissing"" from male students as well as phrases like ""can you please just make an exception this one time,"" ""I need to do well for such and such a reason,"" or ""can you find it in the kindness of your heart to help me out.""",1,4,1,1,3,72,50,25,45,20,10,0,36,50,24,1,0,0,1,1,0,0,0,1,0,2,2,1,1
10280388261,15oct2018 10:18:05,15oct2018 10:26:45,1,1,1,100,20,80,0,4,NA,NA,NA,NA,1,10,1,95,10,90,0,10,100,0,0,90,NA,1,3,1,"Male students tend to be much more aggressive along two dimensions: (1) willingness to ask for regrade over minor issues (grade change, when it happens, is much smaller); (2) aggressiveness in their behavior -- they just assume the fault is mine, not theirs.",1,4,10,15,16,1280,60,0,10,30,60,NA,45,60,32,1,1,4,1,1,0,0,1,0,0,3,2,1,1
10280354887,15oct2018 10:06:26,15oct2018 10:17:38,1,2,1,100,0,100,0,80,NA,NA,NA,NA,1,2,1,100,50,50,0,80,NA,NA,NA,NA,NA,NA,NA,NA,"Males tend to argue cases of, “It COULD be the answer I selected too, if you think about it.” (This caused me to add in phrases like, “According to chapter three in the book...” at the beginning of a question to avoid that.    Males nitpicked a lot like that.    Males also seemed more panicked at the end of the semester.     Just a note: I’ve never had a female student ask for a regrade. There was no option to bypass those questions in any way to make sense.",1,4,4,10,2,250,40,10,50,20,20,NA,80,80,29,1,0,0,1,1,0,0,1,0,0,3,3,1,1
10280272293,15oct2018 09:39:11,15oct2018 09:45:46,1,2,1,100,0,100,0,50,NA,NA,NA,NA,1,10,1,70,60,40,0,50,50,50,0,74,NA,1,3,3,,1,4,2,2,6,150,50,35,35,20,10,0,50,52,24,1,0,0,1,1,0,0,1,0,0,3,2,1,1
10280208077,15oct2018 09:17:54,15oct2018 09:23:53,1,1,1,100,0,100,0,25,NA,NA,NA,NA,1,15,1,25,25,75,0,50,25,75,0,25,NA,3,1,2,No,1,4,4,4,16,600,35,30,30,10,30,0,50,50,22,1,0,1,1,1,0,0,0,0,1,3,2,1,1
10280163528,15oct2018 09:03:21,15oct2018 09:21:24,1,5,1,85,0,100,0,80,0,100,0,80,1,10,1,85,5,95,0,65,5,95,0,65,1,1,2,2,,1,5,21,21,8,320,50,50,20,20,10,0,45,55,40,1,1,4,1,1,0,0,1,0,0,2,2,1,1
10280023879,15oct2018 08:16:03,15oct2018 08:21:40,1,10,1,80,0,100,0,40,0,100,0,70,1,40,1,70,50,50,0,50,60,40,0,75,1,1,3,3,"Typically, the male student will try to go over my head to the basic course director to appeal a grade. I have never had a female student appeal to the basic course director. I, generally, find that my male students miss more assignments due to lack of preparedness and organization.",1,4,2,2,4,220,50,30,30,20,15,5,60,70,24,1,0,0,1,1,0,0,1,0,0,2,2,1,1
10280011056,15oct2018 08:11:43,15oct2018 08:20:25,1,3,1,100,0,100,0,11,NA,NA,NA,NA,1,6,1,100,0,100,0,8,NA,NA,NA,NA,NA,NA,NA,NA,"I have not received a single grade inquiry or change request at the end of the semester from a female student. Only male students make these requests, one of whom aggressively emailed me over the course of an entire day after he failed the final exam. In my estimation, male students who do considerably less work and devote less effort to class are often or always the students who expect their grades to change at the end of the semester. Incidentally, these students are also the only students to comment that my grading is “tough” on end of semester evaluations.",1,4,4,4,24,500,43,40,30,20,10,NA,26,69,24,1,0,1,1,1,0,0,1,0,0,3,3,1,1
10279050070,14oct2018 20:08:01,14oct2018 20:24:03,1,9,1,65,25,75,0,60,25,75,0,80,1,20,1,57,25,75,0,50,25,75,0,70,1,2,3,2,,1,4,9,10,31,750,40,50,25,15,10,NA,69,82,26,1,0,1,1,1,0,0,0,1,0,2,2,1,1
10279001282,14oct2018 15:23:53,14oct2018 19:29:42,1,10,1,70,10,90,0,20,10,90,0,20,1,10,1,50,20,80,0,10,20,80,0,15,3,2,3,2,,4,4,2,3,7,180,70,0,10,50,30,10,63,60,25,0,0,0,1,0,0,1,0,1,0,2,2,1,0
10278811719,14oct2018 15:40:02,14oct2018 15:57:23,1,15,1,60,2,98,0,45,2,98,0,70,1,8,1,90,1,99,0,40,1,99,0,59,1,1,3,3,"This also varies culturally, as I teach a lot of international students, and male international students are a lot more likely to ask for regrades. In my classes, there's not really a place for regrades--instead, improvement on the next paper is focused on--and male students tend to overemphasize their ability to themselves, and at times are more likely to keep trying to rely on that ability rather than use resources (office hours, writing center, classmates) to help them improve.  While there are some regrade requests during the semester (such as from international male students), the panic tends to come at the end of the semester for them, whereas female students tend to ask if points were missed for a specific aspect (and at times it might have been my error, which is where a slight grade change might be made). Regrades at the end of the semester don't really happen, but I do round up if it affects a letter grade or plus/minus, so a few of the students who ask are in a position to benefit from that, but most male students who ask are panicked because of a scholarship that is GPA dependent, but also it's too late and too much of a change in grade needed to do anything.",1,4,6,6,28,500,55,90,5,3,0,2,47,52,26,1,0,1,1,1,0,0,1,0,0,2,2,1,1
10278580739,14oct2018 11:01:12,14oct2018 11:10:28,1,2,1,50,0,100,0,50,0,100,0,50,1,5,1,50,80,20,0,50,80,20,0,50,2,2,2,2,,1,5,21,21,31,1600,50,5,30,35,30,NA,50,50,38,0,1,4,1,0,1,0,0,1,0,2,2,1,1
10277289260,13oct2018 07:41:02,13oct2018 07:48:31,1,5,1,50,10,90,0,70,15,85,0,75,1,5,1,50,10,90,0,70,15,85,0,75,3,3,2,2,,5,5,10,15,1,200,47,70,20,5,5,NA,45,55,NA,0,0,NA,1,0,0,1,0,0,1,2,2,1,0
10277202698,13oct2018 06:17:20,13oct2018 06:23:03,1,6,1,50,5,95,0,60,5,95,0,65,1,62,1,81,40,60,0,70,40,60,0,70,2,1,2,2,Not that I have observed.,1,4,3,5,7,116,50,65,30,5,0,0,60,70,26,0,0,0,1,0,1,0,1,0,0,2,2,1,1
10276684472,12oct2018 18:54:12,12oct2018 19:04:53,1,2,1,50,0,100,0,2,1,99,0,2,1,5,1,50,1,99,0,50,1,99,0,50,2,2,2,2,,1,4,20,21,7,120,33,20,20,30,30,NA,50,50,26,1,1,4,1,0,1,0,0,1,0,2,2,1,1
10276608720,12oct2018 17:43:10,12oct2018 17:49:48,1,5,1,50,75,25,0,37,75,25,0,66,1,8,1,50,75,25,0,48,75,25,0,50,2,2,2,2,,1,4,11,19,20,1000,58,25,20,20,20,15,48,51,28,0,1,4,1,0,1,0,0,1,0,2,2,1,1
10276607212,12oct2018 17:39:59,12oct2018 17:53:04,1,5,1,50,0,100,0,5,0,100,0,5,1,5,1,50,0,100,0,5,0,100,0,5,2,2,2,2,No,5,4,5,10,25,500,43,50,15,20,15,NA,77,77,22,1,0,1,1,0,1,0,0,1,0,2,2,1,0
10276550566,12oct2018 16:55:49,12oct2018 17:02:43,0,0,NA,NA,NA,NA,NA,NA,NA,NA,NA,NA,1,10,1,50,100,0,0,70,100,0,0,80,NA,1,3,2,,1,5,18,18,3,300,50,30,20,20,30,NA,50,50,39,0,1,4,1,1,0,0,1,0,0,NA,2,NA,1
10276506041,12oct2018 16:22:40,12oct2018 16:45:30,0,0,NA,NA,NA,NA,NA,NA,NA,NA,NA,NA,0,0,NA,NA,NA,NA,NA,NA,NA,NA,NA,NA,NA,NA,NA,NA,No differences are observed perhaps because of firm course policy of not regrading.,5,5,10,10,31,500,74,5,10,40,40,5,75,90,40,0,0,NA,1,0,1,0,0,1,0,NA,NA,NA,0
10276487802,12oct2018 16:09:53,12oct2018 16:24:41,1,4,1,30,10,90,0,70,20,80,0,90,1,10,1,80,40,60,0,65,40,60,0,80,3,2,3,2,Female students tend to use email to address the complaint and do so in a more formal manner. Male students seem to be more emotionally charged which has resulted in more male students having cried during the review of assessments. I actually cannot recall a single female students crying in a face-to-face meeting about graded work.  I would say that the method of asking for regrading takes two pathways. The first is to specify a portion of the assignment which was marked down and support an argument in favor of a different grade. This is usually more successful approach. The other method is to just ask for a better grade. Not a good strategy. I would say that neither strategy seems to be favored by either gender.,1,4,3,3,9,400,70,20,40,20,20,NA,80,84,25,0,0,0,1,0,0,1,0,1,0,2,2,1,1
10276487303,12oct2018 15:47:26,12oct2018 16:14:57,1,2,0,0,NA,NA,NA,NA,100,0,0,75,1,33,1,50,75,25,0,40,100,0,0,67,NA,1,3,3,"When asking about grades, females generally seem to be more professional, cordial, and understanding than males.",1,4,1,1,3,250,50,30,20,25,25,0,70,80,33,0,0,0,1,0,1,0,1,0,0,1,2,1,1
10276434153,12oct2018 15:35:41,12oct2018 15:41:07,1,10,1,50,10,80,10,90,10,80,10,90,1,20,1,50,10,80,10,90,10,80,10,90,2,2,2,2,No difference,1,7,3,5,10,220,60,25,15,25,25,10,50,50,37,0,0,0,1,0,1,0,0,1,0,2,2,1,1
10276416793,12oct2018 15:20:39,12oct2018 15:42:00,1,5,1,80,75,25,0,15,75,25,0,50,1,1,1,80,5,95,0,75,5,95,0,80,1,2,3,2,,1,5,2,4,13,400,80,5,20,40,30,5,70,75,43,1,0,0,1,1,0,0,0,1,0,2,2,1,1
10276404621,12oct2018 15:18:50,12oct2018 15:28:20,1,5,1,95,0,100,0,51,50,50,0,50,1,15,1,90,50,50,0,40,50,50,0,50,1,2,2,3,,1,5,4,7,31,1200,85,80,10,5,5,0,39,43,43,0,0,0,1,1,0,0,0,1,0,2,2,1,1
10276403230,12oct2018 15:17:37,12oct2018 15:25:46,1,10,1,100,0,100,0,70,NA,NA,NA,NA,1,64,1,84,0,100,0,51,2,98,0,73,NA,1,3,3,"Aggressive male behavior and refusal to accept feedback on inappropriate tone in requesting changes, particularly from female instructors. ",1,4,3,5,8,150,50,90,9,0,0,1,72,77,26,1,0,0,1,1,0,0,1,0,0,3,2,1,1
10276373042,12oct2018 15:02:07,12oct2018 15:14:05,1,4,1,50,5,95,0,80,5,95,0,80,1,5,1,49,50,50,0,80,50,50,0,80,3,2,2,2,"I think males and females tend to ask for a regrade during the semester only when they see an error in grading. After the semester, I think maybe students try to get a better grade just b/c they need it or are close to a grade point cut off. I think the nr of males and females are the same. When this happens, females tend to write really extensive requests (they try harder), males tend to be shorter in their requests (I read that as less aggressive) and tend to accept the (negative) decision more easily.",1,5,21,21,7,1200,40,30,0,50,20,0,78,82,39,0,1,4,1,0,0,1,0,1,0,2,2,1,1
10276371280,12oct2018 15:01:03,12oct2018 15:11:07,1,5,1,95,2,98,0,40,10,90,0,70,1,40,1,90,2,98,0,30,10,90,0,60,1,1,3,3,"Male regrade requests generally reflect a sense of entitlement, e.g. a male student is more likely to say they “deserve” an A, relative to a female student.",1,4,3,3,7,360,63,25,25,25,25,0,48,60,25,0,0,1,1,1,0,0,1,0,0,2,2,1,1
10276366916,12oct2018 14:58:56,12oct2018 15:04:15,1,5,1,2,0,100,0,30,0,100,0,30,1,10,1,50,0,100,0,25,0,100,0,25,2,2,3,2,,1,4,4,7,14,750,45,70,10,10,10,0,50,50,32,0,0,1,1,0,1,0,0,1,0,2,2,1,1
