participantcode,std_female,std_standing,std_male,consider_regrade,everasked,num_class,num_asked
00siaacv,1,3,0,No,0,0,0
00siaacv,1,3,0,NA,0,0,0
00siaacv,1,3,0,NA,0,0,0
011dy634,0,3,1,Yes,1,3,2
011dy634,0,3,1,NA,1,3,2
011dy634,0,3,1,NA,1,3,2
01qwvj7s,0,1,1,No,0,0,0
01qwvj7s,0,1,1,NA,0,0,0
01qwvj7s,0,1,1,NA,0,0,0
02q9cfzv,1,3,0,No,0,0,0
02q9cfzv,1,3,0,NA,0,0,0
02q9cfzv,1,3,0,NA,0,0,0
03a5nj74,1,1,0,Yes,0,1,0
03a5nj74,1,1,0,NA,0,1,0
03a5nj74,1,1,0,NA,0,1,0
04ug19hi,1,2,0,No,0,0,0
04ug19hi,1,2,0,NA,0,0,0
04ug19hi,1,2,0,NA,0,0,0
05p8pdws,1,3,0,Yes,0,4,0
05p8pdws,1,3,0,NA,0,4,0
05p8pdws,1,3,0,NA,0,4,0
062gmoc6,1,1,0,No,0,0,0
062gmoc6,1,1,0,NA,0,0,0
062gmoc6,1,1,0,NA,0,0,0
08ww688u,1,4,0,Yes,1,1,1
08ww688u,1,4,0,NA,1,1,1
08ww688u,1,4,0,NA,1,1,1
09kkvu77,1,4,0,Yes,0,2,0
09kkvu77,1,4,0,NA,0,2,0
09kkvu77,1,4,0,NA,0,2,0
09rz7lpl,0,4,1,Yes,1,1,1
09rz7lpl,0,4,1,NA,1,1,1
09rz7lpl,0,4,1,NA,1,1,1
09yij3a9,0,4,1,Yes,1,2,1
09yij3a9,0,4,1,NA,1,2,1
09yij3a9,0,4,1,NA,1,2,1
0b3lyhef,0,2,1,Yes,1,1,1
0b3lyhef,0,2,1,NA,1,1,1
0b3lyhef,0,2,1,NA,1,1,1
0cvldt5p,1,3,0,No,0,0,0
0cvldt5p,1,3,0,NA,0,0,0
0cvldt5p,1,3,0,NA,0,0,0
0cyopiav,1,4,0,No,0,0,0
0cyopiav,1,4,0,NA,0,0,0
0cyopiav,1,4,0,NA,0,0,0
0d2ngpoh,1,3,0,No,0,0,0
0d2ngpoh,1,3,0,NA,0,0,0
0d2ngpoh,1,3,0,NA,0,0,0
0d63m6ks,0,3,1,No,0,0,0
0d63m6ks,0,3,1,NA,0,0,0
0d63m6ks,0,3,1,NA,0,0,0
0d956ls4,0,3,1,No,0,0,0
0d956ls4,0,3,1,NA,0,0,0
0d956ls4,0,3,1,NA,0,0,0
0ee09tyx,1,2,0,Yes,0,1,0
0ee09tyx,1,2,0,NA,0,1,0
0ee09tyx,1,2,0,NA,0,1,0
0eplm4q6,0,4,1,Yes,1,2,1
0eplm4q6,0,4,1,NA,1,2,1
0eplm4q6,0,4,1,NA,1,2,1
0g7cfi1r,1,2,0,Yes,1,1,1
0g7cfi1r,1,2,0,NA,1,1,1
0g7cfi1r,1,2,0,NA,1,1,1
0h115pmr,1,3,0,No,0,0,0
0h115pmr,1,3,0,NA,0,0,0
0h115pmr,1,3,0,NA,0,0,0
0hp6rcjg,1,3,0,Yes,0,2,0
0hp6rcjg,1,3,0,NA,0,2,0
0hp6rcjg,1,3,0,NA,0,2,0
0ic3l6qp,1,3,0,Yes,1,1,1
0ic3l6qp,1,3,0,NA,1,1,1
0ic3l6qp,1,3,0,NA,1,1,1
0jw9d31h,1,3,0,Yes,1,1,1
0jw9d31h,1,3,0,NA,1,1,1
0jw9d31h,1,3,0,NA,1,1,1
0nwubd3c,1,4,0,Yes,1,3,2
0nwubd3c,1,4,0,NA,1,3,2
0nwubd3c,1,4,0,NA,1,3,2
0oi9oe1v,1,1,0,No,0,0,0
0oi9oe1v,1,1,0,NA,0,0,0
0oi9oe1v,1,1,0,NA,0,0,0
0qwrpr74,1,2,0,Yes,0,2,0
0qwrpr74,1,2,0,NA,0,2,0
0qwrpr74,1,2,0,NA,0,2,0
0rcnxlin,1,2,0,No,0,0,0
0rcnxlin,1,2,0,NA,0,0,0
0rcnxlin,1,2,0,NA,0,0,0
0u9l5j8a,0,4,1,Yes,1,2,2
0u9l5j8a,0,4,1,NA,1,2,2
0u9l5j8a,0,4,1,NA,1,2,2
0utopoaf,1,4,0,Yes,1,1,1
0utopoaf,1,4,0,NA,1,1,1
0utopoaf,1,4,0,NA,1,1,1
0way1hj1,1,1,0,Yes,0,1,0
0way1hj1,1,1,0,NA,0,1,0
0way1hj1,1,1,0,NA,0,1,0
0x8lhjez,0,2,1,Yes,1,1,1
0x8lhjez,0,2,1,NA,1,1,1
0x8lhjez,0,2,1,NA,1,1,1
0xfscx45,0,2,1,Yes,0,1,0
0xfscx45,0,2,1,NA,0,1,0
0xfscx45,0,2,1,NA,0,1,0
0xlto5bj,1,4,0,No,0,0,0
0xlto5bj,1,4,0,NA,0,0,0
0xlto5bj,1,4,0,NA,0,0,0
0yzan5ih,1,4,0,Yes,0,1,0
0yzan5ih,1,4,0,NA,0,1,0
0yzan5ih,1,4,0,NA,0,1,0
0zvjosi1,0,2,1,No,0,0,0
0zvjosi1,0,2,1,NA,0,0,0
0zvjosi1,0,2,1,NA,0,0,0
11z0ri22,0,4,1,Yes,0,1,0
11z0ri22,0,4,1,NA,0,1,0
11z0ri22,0,4,1,NA,0,1,0
140shho8,0,4,1,No,0,0,0
140shho8,0,4,1,NA,0,0,0
140shho8,0,4,1,NA,0,0,0
17jh5qcp,0,1,1,Yes,1,2,1
17jh5qcp,0,1,1,NA,1,2,1
17jh5qcp,0,1,1,NA,1,2,1
18qo5rkq,1,2,0,No,0,0,0
18qo5rkq,1,2,0,NA,0,0,0
18qo5rkq,1,2,0,NA,0,0,0
18v2lai9,0,4,1,Yes,1,1,1
18v2lai9,0,4,1,NA,1,1,1
18v2lai9,0,4,1,NA,1,1,1
19uye7yu,0,3,1,Yes,1,2,1
19uye7yu,0,3,1,NA,1,2,1
19uye7yu,0,3,1,NA,1,2,1
19wuqclw,0,2,1,No,0,0,0
19wuqclw,0,2,1,NA,0,0,0
19wuqclw,0,2,1,NA,0,0,0
1anqk13k,0,3,1,Yes,0,2,0
1anqk13k,0,3,1,NA,0,2,0
1anqk13k,0,3,1,NA,0,2,0
1bdqvt3y,0,3,1,Yes,0,2,0
1bdqvt3y,0,3,1,NA,0,2,0
1bdqvt3y,0,3,1,NA,0,2,0
1bhffnru,1,4,0,No,0,0,0
1bhffnru,1,4,0,NA,0,0,0
1bhffnru,1,4,0,NA,0,0,0
1cl44yaj,1,2,0,Yes,1,4,2
1cl44yaj,1,2,0,NA,1,4,2
1cl44yaj,1,2,0,NA,1,4,2
1d6lt4rd,0,2,1,Yes,0,1,0
1d6lt4rd,0,2,1,NA,0,1,0
1d6lt4rd,0,2,1,NA,0,1,0
1de6bxol,0,1,1,Yes,1,3,2
1de6bxol,0,1,1,NA,1,3,2
1de6bxol,0,1,1,NA,1,3,2
1e2uh8qb,1,4,0,Yes,1,2,2
1e2uh8qb,1,4,0,NA,1,2,2
1e2uh8qb,1,4,0,NA,1,2,2
1e7zoe1u,1,2,0,Yes,1,2,2
1e7zoe1u,1,2,0,NA,1,2,2
1e7zoe1u,1,2,0,NA,1,2,2
1egn2mdf,1,3,0,No,0,0,0
1egn2mdf,1,3,0,NA,0,0,0
1egn2mdf,1,3,0,NA,0,0,0
1f95d49g,0,4,1,Yes,0,2,0
1f95d49g,0,4,1,NA,0,2,0
1f95d49g,0,4,1,NA,0,2,0
1i1fskzj,1,3,0,No,0,0,0
1i1fskzj,1,3,0,NA,0,0,0
1i1fskzj,1,3,0,NA,0,0,0
1j61v5kj,1,1,0,Yes,1,3,2
1j61v5kj,1,1,0,NA,1,3,2
1j61v5kj,1,1,0,NA,1,3,2
1lf1n3vp,0,2,1,Yes,0,1,0
1lf1n3vp,0,2,1,NA,0,1,0
1lf1n3vp,0,2,1,NA,0,1,0
1mjrzzzy,1,4,0,Yes,1,2,2
1mjrzzzy,1,4,0,NA,1,2,2
1mjrzzzy,1,4,0,NA,1,2,2
1mxtta5m,0,4,1,No,0,0,0
1mxtta5m,0,4,1,NA,0,0,0
1mxtta5m,0,4,1,NA,0,0,0
1ozsl3gq,0,4,1,No,0,0,0
1ozsl3gq,0,4,1,NA,0,0,0
1ozsl3gq,0,4,1,NA,0,0,0
1p6zj5i6,1,1,0,Yes,1,2,2
1p6zj5i6,1,1,0,NA,1,2,2
1p6zj5i6,1,1,0,NA,1,2,2
1qdhzx9t,1,3,0,Yes,1,1,1
1qdhzx9t,1,3,0,NA,1,1,1
1qdhzx9t,1,3,0,NA,1,1,1
1qvyf9b5,1,4,0,Yes,1,2,1
1qvyf9b5,1,4,0,NA,1,2,1
1qvyf9b5,1,4,0,NA,1,2,1
1rd76b1o,0,4,1,Yes,1,2,2
1rd76b1o,0,4,1,NA,1,2,2
1rd76b1o,0,4,1,NA,1,2,2
1s6rgggv,1,2,0,Yes,0,1,0
1s6rgggv,1,2,0,NA,0,1,0
1s6rgggv,1,2,0,NA,0,1,0
1t9kpvpr,0,4,1,Yes,1,3,3
1t9kpvpr,0,4,1,NA,1,3,3
1t9kpvpr,0,4,1,NA,1,3,3
1tk0i8yg,1,4,0,Yes,1,2,2
1tk0i8yg,1,4,0,NA,1,2,2
1tk0i8yg,1,4,0,NA,1,2,2
1tt2ns9l,1,3,0,No,0,0,0
1tt2ns9l,1,3,0,NA,0,0,0
1tt2ns9l,1,3,0,NA,0,0,0
1u4k1ktn,0,1,1,No,0,0,0
1u4k1ktn,0,1,1,NA,0,0,0
1u4k1ktn,0,1,1,NA,0,0,0
1ua44ziu,1,2,0,No,0,0,0
1ua44ziu,1,2,0,NA,0,0,0
1ua44ziu,1,2,0,NA,0,0,0
1wu9iwxj,0,2,1,Yes,0,1,0
1wu9iwxj,0,2,1,NA,0,1,0
1wu9iwxj,0,2,1,NA,0,1,0
1xtjlmd4,1,3,0,Yes,1,1,1
1xtjlmd4,1,3,0,NA,1,1,1
1xtjlmd4,1,3,0,NA,1,1,1
1y9ppyqq,0,2,1,Yes,0,5,0
1y9ppyqq,0,2,1,NA,0,5,0
1y9ppyqq,0,2,1,NA,0,5,0
1z8l30fg,0,4,1,No,0,0,0
1z8l30fg,0,4,1,NA,0,0,0
1z8l30fg,0,4,1,NA,0,0,0
1zf0ocp7,0,4,1,Yes,1,2,1
1zf0ocp7,0,4,1,NA,1,2,1
1zf0ocp7,0,4,1,NA,1,2,1
1zwr95gw,0,2,1,Yes,1,1,1
1zwr95gw,0,2,1,NA,1,1,1
1zwr95gw,0,2,1,NA,1,1,1
20u68kus,1,4,0,Yes,0,2,0
20u68kus,1,4,0,NA,0,2,0
20u68kus,1,4,0,NA,0,2,0
226l893j,0,2,1,Yes,1,2,2
226l893j,0,2,1,NA,1,2,2
226l893j,0,2,1,NA,1,2,2
22cbcsem,1,2,0,No,0,0,0
22cbcsem,1,2,0,NA,0,0,0
22cbcsem,1,2,0,NA,0,0,0
23m2ttnx,1,2,0,No,0,0,0
23m2ttnx,1,2,0,NA,0,0,0
23m2ttnx,1,2,0,NA,0,0,0
23plvo1n,1,3,0,Yes,0,1,0
23plvo1n,1,3,0,NA,0,1,0
23plvo1n,1,3,0,NA,0,1,0
24pcwjh2,0,4,1,Yes,1,1,1
24pcwjh2,0,4,1,NA,1,1,1
24pcwjh2,0,4,1,NA,1,1,1
28ebotk0,1,2,0,Yes,1,1,1
28ebotk0,1,2,0,NA,1,1,1
28ebotk0,1,2,0,NA,1,1,1
28sl4n6x,0,3,1,Yes,0,5,0
28sl4n6x,0,3,1,NA,0,5,0
28sl4n6x,0,3,1,NA,0,5,0
2c8hbwy5,0,4,1,Yes,1,3,2
2c8hbwy5,0,4,1,NA,1,3,2
2c8hbwy5,0,4,1,NA,1,3,2
2cgkpzpu,0,4,1,Yes,1,2,1
2cgkpzpu,0,4,1,NA,1,2,1
2cgkpzpu,0,4,1,NA,1,2,1
2d7xhjhq,0,2,1,Yes,1,1,1
2d7xhjhq,0,2,1,NA,1,1,1
2d7xhjhq,0,2,1,NA,1,1,1
2erjiju9,1,3,0,No,0,0,0
2erjiju9,1,3,0,NA,0,0,0
2erjiju9,1,3,0,NA,0,0,0
2hjagoq2,1,1,0,Yes,0,2,0
2hjagoq2,1,1,0,NA,0,2,0
2hjagoq2,1,1,0,NA,0,2,0
2hzqn5v4,1,3,0,Yes,0,1,0
2hzqn5v4,1,3,0,NA,0,1,0
2hzqn5v4,1,3,0,NA,0,1,0
2im0fsgh,1,4,0,Yes,1,3,3
2im0fsgh,1,4,0,NA,1,3,3
2im0fsgh,1,4,0,NA,1,3,3
2iq92lbx,0,3,1,Yes,0,1,0
2iq92lbx,0,3,1,NA,0,1,0
2iq92lbx,0,3,1,NA,0,1,0
2izdsmkd,1,4,0,Yes,0,1,0
2izdsmkd,1,4,0,NA,0,1,0
2izdsmkd,1,4,0,NA,0,1,0
2jwscb3n,1,2,0,Yes,1,1,1
2jwscb3n,1,2,0,NA,1,1,1
2jwscb3n,1,2,0,NA,1,1,1
2kbnrfez,0,4,1,Yes,0,2,0
2kbnrfez,0,4,1,NA,0,2,0
2kbnrfez,0,4,1,NA,0,2,0
2lyzq3wa,1,2,0,Yes,1,2,1
2lyzq3wa,1,2,0,NA,1,2,1
2lyzq3wa,1,2,0,NA,1,2,1
2mfzj1vo,1,1,0,No,0,0,0
2mfzj1vo,1,1,0,NA,0,0,0
2mfzj1vo,1,1,0,NA,0,0,0
2o8tc8o0,1,4,0,Yes,1,1,1
2o8tc8o0,1,4,0,NA,1,1,1
2o8tc8o0,1,4,0,NA,1,1,1
2omlmamq,1,2,0,No,0,0,0
2omlmamq,1,2,0,NA,0,0,0
2omlmamq,1,2,0,NA,0,0,0
2omuni0p,1,2,0,Yes,1,1,1
2omuni0p,1,2,0,NA,1,1,1
2omuni0p,1,2,0,NA,1,1,1
2pggd6r1,1,3,0,Yes,1,1,1
2pggd6r1,1,3,0,NA,1,1,1
2pggd6r1,1,3,0,NA,1,1,1
2tzlmec4,1,1,0,No,0,0,0
2tzlmec4,1,1,0,NA,0,0,0
2tzlmec4,1,1,0,NA,0,0,0
2u6aull1,1,2,0,Yes,0,1,0
2u6aull1,1,2,0,NA,0,1,0
2u6aull1,1,2,0,NA,0,1,0
2xceuo2h,0,3,1,Yes,1,2,1
2xceuo2h,0,3,1,NA,1,2,1
2xceuo2h,0,3,1,NA,1,2,1
2z1p7te1,1,3,0,Yes,1,1,1
2z1p7te1,1,3,0,NA,1,1,1
2z1p7te1,1,3,0,NA,1,1,1
2zoes0ez,1,2,0,Yes,1,3,1
2zoes0ez,1,2,0,NA,1,3,1
2zoes0ez,1,2,0,NA,1,3,1
31yle0ih,0,2,1,Yes,0,1,0
31yle0ih,0,2,1,NA,0,1,0
31yle0ih,0,2,1,NA,0,1,0
32p2tzw9,1,1,0,No,0,0,0
32p2tzw9,1,1,0,NA,0,0,0
32p2tzw9,1,1,0,NA,0,0,0
346cqkgo,0,4,1,No,0,0,0
346cqkgo,0,4,1,NA,0,0,0
346cqkgo,0,4,1,NA,0,0,0
34m2b32u,1,4,0,No,0,0,0
34m2b32u,1,4,0,NA,0,0,0
34m2b32u,1,4,0,NA,0,0,0
37b53nh8,0,1,1,No,0,0,0
37b53nh8,0,1,1,NA,0,0,0
37b53nh8,0,1,1,NA,0,0,0
37rniezm,1,2,0,No,0,0,0
37rniezm,1,2,0,NA,0,0,0
37rniezm,1,2,0,NA,0,0,0
39cbz3gx,0,2,1,Yes,1,2,2
39cbz3gx,0,2,1,NA,1,2,2
39cbz3gx,0,2,1,NA,1,2,2
3ai0ir0j,0,4,1,No,0,0,0
3ai0ir0j,0,4,1,NA,0,0,0
3ai0ir0j,0,4,1,NA,0,0,0
3ch17w9m,0,4,1,Yes,1,1,1
3ch17w9m,0,4,1,NA,1,1,1
3ch17w9m,0,4,1,NA,1,1,1
3dh5fbe7,0,3,1,No,0,0,0
3dh5fbe7,0,3,1,NA,0,0,0
3dh5fbe7,0,3,1,NA,0,0,0
3hbz2v6y,0,1,1,Yes,1,1,1
3hbz2v6y,0,1,1,NA,1,1,1
3hbz2v6y,0,1,1,NA,1,1,1
3ilnorce,1,2,0,Yes,0,1,0
3ilnorce,1,2,0,NA,0,1,0
3ilnorce,1,2,0,NA,0,1,0
3kcnynbc,0,2,1,No,0,0,0
3kcnynbc,0,2,1,NA,0,0,0
3kcnynbc,0,2,1,NA,0,0,0
3kn5niwo,0,4,1,Yes,1,4,2
3kn5niwo,0,4,1,NA,1,4,2
3kn5niwo,0,4,1,NA,1,4,2
3l42jyf7,1,4,0,No,0,0,0
3l42jyf7,1,4,0,NA,0,0,0
3l42jyf7,1,4,0,NA,0,0,0
3lif0w9e,0,3,1,Yes,1,2,2
3lif0w9e,0,3,1,NA,1,2,2
3lif0w9e,0,3,1,NA,1,2,2
3mn6z87k,1,2,0,No,0,0,0
3mn6z87k,1,2,0,NA,0,0,0
3mn6z87k,1,2,0,NA,0,0,0
3mu7jfxt,0,3,1,Yes,1,2,1
3mu7jfxt,0,3,1,NA,1,2,1
3mu7jfxt,0,3,1,NA,1,2,1
3mumspdj,1,3,0,Yes,0,1,0
3mumspdj,1,3,0,NA,0,1,0
3mumspdj,1,3,0,NA,0,1,0
3nf1fb7p,1,4,0,Yes,1,1,1
3nf1fb7p,1,4,0,NA,1,1,1
3nf1fb7p,1,4,0,NA,1,1,1
3nmgj09q,1,4,0,Yes,0,1,0
3nmgj09q,1,4,0,NA,0,1,0
3nmgj09q,1,4,0,NA,0,1,0
3nvl6t3t,1,2,0,Yes,1,1,1
3nvl6t3t,1,2,0,NA,1,1,1
3nvl6t3t,1,2,0,NA,1,1,1
3opupkqv,0,4,1,Yes,1,3,2
3opupkqv,0,4,1,NA,1,3,2
3opupkqv,0,4,1,NA,1,3,2
3rv0wqqk,1,1,0,No,0,0,0
3rv0wqqk,1,1,0,NA,0,0,0
3rv0wqqk,1,1,0,NA,0,0,0
3tj3bot2,1,3,0,Yes,1,2,2
3tj3bot2,1,3,0,NA,1,2,2
3tj3bot2,1,3,0,NA,1,2,2
3uqhk8sx,1,3,0,Yes,0,1,0
3uqhk8sx,1,3,0,NA,0,1,0
3uqhk8sx,1,3,0,NA,0,1,0
3vhcdqsz,0,1,1,Yes,1,1,1
3vhcdqsz,0,1,1,NA,1,1,1
3vhcdqsz,0,1,1,NA,1,1,1
3vwdv62w,1,1,0,No,0,0,0
3vwdv62w,1,1,0,NA,0,0,0
3vwdv62w,1,1,0,NA,0,0,0
3w09iegd,0,3,1,No,0,0,0
3w09iegd,0,3,1,NA,0,0,0
3w09iegd,0,3,1,NA,0,0,0
3w4i4t64,1,2,0,Yes,1,1,1
3w4i4t64,1,2,0,NA,1,1,1
3w4i4t64,1,2,0,NA,1,1,1
3wfonoxp,0,4,1,Yes,1,2,1
3wfonoxp,0,4,1,NA,1,2,1
3wfonoxp,0,4,1,NA,1,2,1
3x74lf9z,1,2,0,No,0,0,0
3x74lf9z,1,2,0,NA,0,0,0
3x74lf9z,1,2,0,NA,0,0,0
40cf7oa7,1,4,0,Yes,1,2,2
40cf7oa7,1,4,0,NA,1,2,2
40cf7oa7,1,4,0,NA,1,2,2
40e32tcr,0,3,1,No,0,0,0
40e32tcr,0,3,1,NA,0,0,0
40e32tcr,0,3,1,NA,0,0,0
4172etsm,1,1,0,No,0,0,0
4172etsm,1,1,0,NA,0,0,0
4172etsm,1,1,0,NA,0,0,0
42cwgz0e,0,4,1,Yes,0,1,0
42cwgz0e,0,4,1,NA,0,1,0
42cwgz0e,0,4,1,NA,0,1,0
43pl0kkv,1,4,0,Yes,0,1,0
43pl0kkv,1,4,0,NA,0,1,0
43pl0kkv,1,4,0,NA,0,1,0
4578v82o,1,2,0,No,0,0,0
4578v82o,1,2,0,NA,0,0,0
4578v82o,1,2,0,NA,0,0,0
46iexdry,1,3,0,No,0,0,0
46iexdry,1,3,0,NA,0,0,0
46iexdry,1,3,0,NA,0,0,0
477j4gc3,0,4,1,No,0,0,0
477j4gc3,0,4,1,NA,0,0,0
477j4gc3,0,4,1,NA,0,0,0
49swomdz,1,3,0,Yes,0,2,0
49swomdz,1,3,0,NA,0,2,0
49swomdz,1,3,0,NA,0,2,0
4a3hlizo,0,2,1,Yes,0,1,0
4a3hlizo,0,2,1,NA,0,1,0
4a3hlizo,0,2,1,NA,0,1,0
4etsgy1m,0,1,1,No,0,0,0
4etsgy1m,0,1,1,NA,0,0,0
4etsgy1m,0,1,1,NA,0,0,0
4njgy24n,1,4,0,No,0,0,0
4njgy24n,1,4,0,NA,0,0,0
4njgy24n,1,4,0,NA,0,0,0
4nmqxchj,0,4,1,No,0,0,0
4nmqxchj,0,4,1,NA,0,0,0
4nmqxchj,0,4,1,NA,0,0,0
4plf04yr,0,4,1,No,0,0,0
4plf04yr,0,4,1,NA,0,0,0
4plf04yr,0,4,1,NA,0,0,0
4qcx6s7r,0,3,1,No,0,0,0
4qcx6s7r,0,3,1,NA,0,0,0
4qcx6s7r,0,3,1,NA,0,0,0
4qtgsii6,1,3,0,Yes,1,1,1
4qtgsii6,1,3,0,NA,1,1,1
4qtgsii6,1,3,0,NA,1,1,1
4rjwy7u3,1,4,0,Yes,1,2,2
4rjwy7u3,1,4,0,NA,1,2,2
4rjwy7u3,1,4,0,NA,1,2,2
4s16pydb,1,2,0,Yes,0,1,0
4s16pydb,1,2,0,NA,0,1,0
4s16pydb,1,2,0,NA,0,1,0
4wwhhax5,0,2,1,Yes,1,2,2
4wwhhax5,0,2,1,NA,1,2,2
4wwhhax5,0,2,1,NA,1,2,2
4xzo3pfo,1,3,0,Yes,1,3,3
4xzo3pfo,1,3,0,NA,1,3,3
4xzo3pfo,1,3,0,NA,1,3,3
4y9vujka,0,4,1,Yes,1,5,1
4y9vujka,0,4,1,NA,1,5,1
4y9vujka,0,4,1,NA,1,5,1
4yygqpuq,0,3,1,Yes,1,1,1
4yygqpuq,0,3,1,NA,1,1,1
4yygqpuq,0,3,1,NA,1,1,1
51mjzdoe,1,2,0,No,0,0,0
51mjzdoe,1,2,0,NA,0,0,0
51mjzdoe,1,2,0,NA,0,0,0
533eylgy,0,4,1,Yes,0,4,0
533eylgy,0,4,1,NA,0,4,0
533eylgy,0,4,1,NA,0,4,0
5535iz79,0,1,1,Yes,0,1,0
5535iz79,0,1,1,NA,0,1,0
5535iz79,0,1,1,NA,0,1,0
556fomzk,1,4,0,No,0,0,0
556fomzk,1,4,0,NA,0,0,0
556fomzk,1,4,0,NA,0,0,0
575nh6bj,1,4,0,Yes,0,1,0
575nh6bj,1,4,0,NA,0,1,0
575nh6bj,1,4,0,NA,0,1,0
57v88rcg,1,3,0,Yes,1,1,1
57v88rcg,1,3,0,NA,1,1,1
57v88rcg,1,3,0,NA,1,1,1
58l3k7fd,0,2,1,No,0,0,0
58l3k7fd,0,2,1,NA,0,0,0
58l3k7fd,0,2,1,NA,0,0,0
59eo4u1a,1,4,0,Yes,0,3,0
59eo4u1a,1,4,0,NA,0,3,0
59eo4u1a,1,4,0,NA,0,3,0
59muf4wa,1,3,0,No,0,0,0
59muf4wa,1,3,0,NA,0,0,0
59muf4wa,1,3,0,NA,0,0,0
59n8qly3,1,4,0,Yes,1,3,2
59n8qly3,1,4,0,NA,1,3,2
59n8qly3,1,4,0,NA,1,3,2
59sxko01,1,2,0,Yes,0,2,0
59sxko01,1,2,0,NA,0,2,0
59sxko01,1,2,0,NA,0,2,0
5dgai5vv,0,1,1,No,0,0,0
5dgai5vv,0,1,1,NA,0,0,0
5dgai5vv,0,1,1,NA,0,0,0
5eq7tpy3,1,1,0,No,0,0,0
5eq7tpy3,1,1,0,NA,0,0,0
5eq7tpy3,1,1,0,NA,0,0,0
5fsk3yvu,1,2,0,No,0,0,0
5fsk3yvu,1,2,0,NA,0,0,0
5fsk3yvu,1,2,0,NA,0,0,0
5hbrkda2,0,2,1,Yes,1,2,1
5hbrkda2,0,2,1,NA,1,2,1
5hbrkda2,0,2,1,NA,1,2,1
5i7jtx3i,0,2,1,No,0,0,0
5i7jtx3i,0,2,1,NA,0,0,0
5i7jtx3i,0,2,1,NA,0,0,0
5iqfk4m9,1,3,0,No,0,0,0
5iqfk4m9,1,3,0,NA,0,0,0
5iqfk4m9,1,3,0,NA,0,0,0
5kbyqiwn,1,4,0,No,0,0,0
5kbyqiwn,1,4,0,NA,0,0,0
5kbyqiwn,1,4,0,NA,0,0,0
5mwbl0xc,1,4,0,Yes,1,1,1
5mwbl0xc,1,4,0,NA,1,1,1
5mwbl0xc,1,4,0,NA,1,1,1
5o2yb7s7,1,3,0,Yes,1,1,1
5o2yb7s7,1,3,0,NA,1,1,1
5o2yb7s7,1,3,0,NA,1,1,1
5pfn5ieb,1,2,0,No,0,0,0
5pfn5ieb,1,2,0,NA,0,0,0
5pfn5ieb,1,2,0,NA,0,0,0
5q0arsnw,1,3,0,No,0,0,0
5q0arsnw,1,3,0,NA,0,0,0
5q0arsnw,1,3,0,NA,0,0,0
5r19gqa6,0,1,1,Yes,1,2,1
5r19gqa6,0,1,1,NA,1,2,1
5r19gqa6,0,1,1,NA,1,2,1
5r5ib0ej,1,4,0,No,0,0,0
5r5ib0ej,1,4,0,NA,0,0,0
5r5ib0ej,1,4,0,NA,0,0,0
5rahexo4,1,2,0,No,0,0,0
5rahexo4,1,2,0,NA,0,0,0
5rahexo4,1,2,0,NA,0,0,0
5st1zwjh,0,2,1,Yes,1,4,2
5st1zwjh,0,2,1,NA,1,4,2
5st1zwjh,0,2,1,NA,1,4,2
5sz7c99h,0,2,1,No,0,0,0
5sz7c99h,0,2,1,NA,0,0,0
5sz7c99h,0,2,1,NA,0,0,0
5tveh44e,1,1,0,Yes,0,1,0
5tveh44e,1,1,0,NA,0,1,0
5tveh44e,1,1,0,NA,0,1,0
5us12oq5,1,4,0,Yes,1,3,3
5us12oq5,1,4,0,NA,1,3,3
5us12oq5,1,4,0,NA,1,3,3
5v3cuvm1,0,4,1,No,0,0,0
5v3cuvm1,0,4,1,NA,0,0,0
5v3cuvm1,0,4,1,NA,0,0,0
5yw27gpg,0,3,1,No,0,0,0
5yw27gpg,0,3,1,NA,0,0,0
5yw27gpg,0,3,1,NA,0,0,0
63e3fdjg,1,4,0,No,0,0,0
63e3fdjg,1,4,0,NA,0,0,0
63e3fdjg,1,4,0,NA,0,0,0
63ex0hde,1,3,0,No,0,0,0
63ex0hde,1,3,0,NA,0,0,0
63ex0hde,1,3,0,NA,0,0,0
63fwqgco,0,1,1,No,0,0,0
63fwqgco,0,1,1,NA,0,0,0
63fwqgco,0,1,1,NA,0,0,0
64xg32p6,0,4,1,Yes,0,5,0
64xg32p6,0,4,1,NA,0,5,0
64xg32p6,0,4,1,NA,0,5,0
652yns6s,1,1,0,No,0,0,0
652yns6s,1,1,0,NA,0,0,0
652yns6s,1,1,0,NA,0,0,0
674p7s0u,0,2,1,No,0,0,0
674p7s0u,0,2,1,NA,0,0,0
674p7s0u,0,2,1,NA,0,0,0
68co3wd2,0,3,1,Yes,0,1,0
68co3wd2,0,3,1,NA,0,1,0
68co3wd2,0,3,1,NA,0,1,0
6c0f1rcf,1,3,0,No,0,0,0
6c0f1rcf,1,3,0,NA,0,0,0
6c0f1rcf,1,3,0,NA,0,0,0
6c3068i3,0,4,1,No,0,0,0
6c3068i3,0,4,1,NA,0,0,0
6c3068i3,0,4,1,NA,0,0,0
6dj1gpj2,1,4,0,No,0,0,0
6dj1gpj2,1,4,0,NA,0,0,0
6dj1gpj2,1,4,0,NA,0,0,0
6ebd0lam,1,4,0,Yes,0,2,0
6ebd0lam,1,4,0,NA,0,2,0
6ebd0lam,1,4,0,NA,0,2,0
6f75wned,1,3,0,No,0,0,0
6f75wned,1,3,0,NA,0,0,0
6f75wned,1,3,0,NA,0,0,0
6feqx7vx,1,4,0,No,0,0,0
6feqx7vx,1,4,0,NA,0,0,0
6feqx7vx,1,4,0,NA,0,0,0
6g9agwk2,1,1,0,No,0,0,0
6g9agwk2,1,1,0,NA,0,0,0
6g9agwk2,1,1,0,NA,0,0,0
6h2479qy,1,3,0,Yes,1,2,1
6h2479qy,1,3,0,NA,1,2,1
6h2479qy,1,3,0,NA,1,2,1
6joav4hk,0,2,1,Yes,0,1,0
6joav4hk,0,2,1,NA,0,1,0
6joav4hk,0,2,1,NA,0,1,0
6l9tpoj9,1,1,0,Yes,1,1,1
6l9tpoj9,1,1,0,NA,1,1,1
6l9tpoj9,1,1,0,NA,1,1,1
6lk1rppx,0,2,1,No,0,0,0
6lk1rppx,0,2,1,NA,0,0,0
6lk1rppx,0,2,1,NA,0,0,0
6lv3fkl2,0,3,1,No,0,0,0
6lv3fkl2,0,3,1,NA,0,0,0
6lv3fkl2,0,3,1,NA,0,0,0
6m5oigbf,1,4,0,Yes,0,1,0
6m5oigbf,1,4,0,NA,0,1,0
6m5oigbf,1,4,0,NA,0,1,0
6mqknfps,1,4,0,No,0,0,0
6mqknfps,1,4,0,NA,0,0,0
6mqknfps,1,4,0,NA,0,0,0
6nbnuqcy,1,3,0,Yes,1,3,2
6nbnuqcy,1,3,0,NA,1,3,2
6nbnuqcy,1,3,0,NA,1,3,2
6nppkhp4,1,1,0,Yes,1,1,1
6nppkhp4,1,1,0,NA,1,1,1
6nppkhp4,1,1,0,NA,1,1,1
6o1kqqgp,1,3,0,No,0,0,0
6o1kqqgp,1,3,0,NA,0,0,0
6o1kqqgp,1,3,0,NA,0,0,0
6rbr0zmr,1,3,0,Yes,1,2,1
6rbr0zmr,1,3,0,NA,1,2,1
6rbr0zmr,1,3,0,NA,1,2,1
6t1bf31m,1,1,0,Yes,1,1,1
6t1bf31m,1,1,0,NA,1,1,1
6t1bf31m,1,1,0,NA,1,1,1
6u61prhu,1,3,0,Yes,0,1,0
6u61prhu,1,3,0,NA,0,1,0
6u61prhu,1,3,0,NA,0,1,0
6vqojk4z,0,3,1,Yes,1,3,2
6vqojk4z,0,3,1,NA,1,3,2
6vqojk4z,0,3,1,NA,1,3,2
6vu2xlys,1,4,0,No,0,0,0
6vu2xlys,1,4,0,NA,0,0,0
6vu2xlys,1,4,0,NA,0,0,0
6wlszs6w,0,1,1,Yes,1,2,1
6wlszs6w,0,1,1,NA,1,2,1
6wlszs6w,0,1,1,NA,1,2,1
6wotsl0h,0,4,1,Yes,1,2,1
6wotsl0h,0,4,1,NA,1,2,1
6wotsl0h,0,4,1,NA,1,2,1
6xwrwd4p,1,3,0,Yes,1,2,1
6xwrwd4p,1,3,0,NA,1,2,1
6xwrwd4p,1,3,0,NA,1,2,1
71r9jucv,0,4,1,No,0,0,0
71r9jucv,0,4,1,NA,0,0,0
71r9jucv,0,4,1,NA,0,0,0
72cnkz6b,1,4,0,Yes,1,1,1
72cnkz6b,1,4,0,NA,1,1,1
72cnkz6b,1,4,0,NA,1,1,1
73xr14il,1,4,0,No,0,0,0
73xr14il,1,4,0,NA,0,0,0
73xr14il,1,4,0,NA,0,0,0
74fb9q9f,1,4,0,Yes,1,2,1
74fb9q9f,1,4,0,NA,1,2,1
74fb9q9f,1,4,0,NA,1,2,1
74irbj3l,1,3,0,No,0,0,0
74irbj3l,1,3,0,NA,0,0,0
74irbj3l,1,3,0,NA,0,0,0
74x4gh8i,1,1,0,No,0,0,0
74x4gh8i,1,1,0,NA,0,0,0
74x4gh8i,1,1,0,NA,0,0,0
75dcwdzy,1,4,0,Yes,1,1,1
75dcwdzy,1,4,0,NA,1,1,1
75dcwdzy,1,4,0,NA,1,1,1
75t4p2tr,1,4,0,No,0,0,0
75t4p2tr,1,4,0,NA,0,0,0
75t4p2tr,1,4,0,NA,0,0,0
7606jgs7,1,4,0,No,0,0,0
7606jgs7,1,4,0,NA,0,0,0
7606jgs7,1,4,0,NA,0,0,0
761qwy7n,0,4,1,Yes,0,2,0
761qwy7n,0,4,1,NA,0,2,0
761qwy7n,0,4,1,NA,0,2,0
76x5l43p,0,2,1,No,0,0,0
76x5l43p,0,2,1,NA,0,0,0
76x5l43p,0,2,1,NA,0,0,0
788f8h0x,1,3,0,No,0,0,0
788f8h0x,1,3,0,NA,0,0,0
788f8h0x,1,3,0,NA,0,0,0
78giw81h,1,3,0,Yes,0,1,0
78giw81h,1,3,0,NA,0,1,0
78giw81h,1,3,0,NA,0,1,0
78hcyj2w,1,1,0,No,0,0,0
78hcyj2w,1,1,0,NA,0,0,0
78hcyj2w,1,1,0,NA,0,0,0
7bpsr8l9,0,2,1,Yes,1,2,1
7bpsr8l9,0,2,1,NA,1,2,1
7bpsr8l9,0,2,1,NA,1,2,1
7bpupt2d,0,3,1,No,0,0,0
7bpupt2d,0,3,1,NA,0,0,0
7bpupt2d,0,3,1,NA,0,0,0
7de70cby,0,3,1,Yes,1,3,2
7de70cby,0,3,1,NA,1,3,2
7de70cby,0,3,1,NA,1,3,2
7f4b5h0w,1,4,0,Yes,1,1,1
7f4b5h0w,1,4,0,NA,1,1,1
7f4b5h0w,1,4,0,NA,1,1,1
7fb4r0wg,0,4,1,No,0,0,0
7fb4r0wg,0,4,1,NA,0,0,0
7fb4r0wg,0,4,1,NA,0,0,0
7i4c1nqb,0,4,1,Yes,1,2,2
7i4c1nqb,0,4,1,NA,1,2,2
7i4c1nqb,0,4,1,NA,1,2,2
7il1eadz,1,3,0,Yes,1,2,1
7il1eadz,1,3,0,NA,1,2,1
7il1eadz,1,3,0,NA,1,2,1
7itxsa13,0,2,1,Yes,0,1,0
7itxsa13,0,2,1,NA,0,1,0
7itxsa13,0,2,1,NA,0,1,0
7ldny4fl,1,3,0,Yes,1,1,1
7ldny4fl,1,3,0,NA,1,1,1
7ldny4fl,1,3,0,NA,1,1,1
7lfdmsnl,1,3,0,Yes,1,1,1
7lfdmsnl,1,3,0,NA,1,1,1
7lfdmsnl,1,3,0,NA,1,1,1
7lku1y1d,1,2,0,No,0,0,0
7lku1y1d,1,2,0,NA,0,0,0
7lku1y1d,1,2,0,NA,0,0,0
7mzh8bn4,0,1,1,No,0,0,0
7mzh8bn4,0,1,1,NA,0,0,0
7mzh8bn4,0,1,1,NA,0,0,0
7qmpq0qf,1,4,0,Yes,1,2,2
7qmpq0qf,1,4,0,NA,1,2,2
7qmpq0qf,1,4,0,NA,1,2,2
7rgjxntt,1,2,0,No,0,0,0
7rgjxntt,1,2,0,NA,0,0,0
7rgjxntt,1,2,0,NA,0,0,0
7rvieoxh,1,4,0,Yes,1,1,1
7rvieoxh,1,4,0,NA,1,1,1
7rvieoxh,1,4,0,NA,1,1,1
7s97awme,1,4,0,Yes,1,1,1
7s97awme,1,4,0,NA,1,1,1
7s97awme,1,4,0,NA,1,1,1
7u7g0u6g,1,3,0,No,0,0,0
7u7g0u6g,1,3,0,NA,0,0,0
7u7g0u6g,1,3,0,NA,0,0,0
7u84pig2,1,2,0,No,0,0,0
7u84pig2,1,2,0,NA,0,0,0
7u84pig2,1,2,0,NA,0,0,0
7uoxnnnj,1,4,0,No,0,0,0
7uoxnnnj,1,4,0,NA,0,0,0
7uoxnnnj,1,4,0,NA,0,0,0
7xs7uevh,1,1,0,Yes,1,2,1
7xs7uevh,1,1,0,NA,1,2,1
7xs7uevh,1,1,0,NA,1,2,1
7xvodinj,0,2,1,No,0,0,0
7xvodinj,0,2,1,NA,0,0,0
7xvodinj,0,2,1,NA,0,0,0
7y8cixh5,1,3,0,Yes,0,1,0
7y8cixh5,1,3,0,NA,0,1,0
7y8cixh5,1,3,0,NA,0,1,0
7yq7y0bo,1,2,0,Yes,1,2,1
7yq7y0bo,1,2,0,NA,1,2,1
7yq7y0bo,1,2,0,NA,1,2,1
7zb1mc5a,1,4,0,Yes,1,3,2
7zb1mc5a,1,4,0,NA,1,3,2
7zb1mc5a,1,4,0,NA,1,3,2
7zqrlfgq,1,4,0,Yes,1,2,1
7zqrlfgq,1,4,0,NA,1,2,1
7zqrlfgq,1,4,0,NA,1,2,1
809atigm,1,2,0,No,0,0,0
809atigm,1,2,0,NA,0,0,0
809atigm,1,2,0,NA,0,0,0
869hw037,0,4,1,Yes,0,1,0
869hw037,0,4,1,NA,0,1,0
869hw037,0,4,1,NA,0,1,0
87ywwcnb,0,2,1,No,0,0,0
87ywwcnb,0,2,1,NA,0,0,0
87ywwcnb,0,2,1,NA,0,0,0
88xsus6n,1,3,0,Yes,1,1,1
88xsus6n,1,3,0,NA,1,1,1
88xsus6n,1,3,0,NA,1,1,1
89qlzlel,1,2,0,No,0,0,0
89qlzlel,1,2,0,NA,0,0,0
89qlzlel,1,2,0,NA,0,0,0
8alrekxf,1,1,0,No,0,0,0
8alrekxf,1,1,0,NA,0,0,0
8alrekxf,1,1,0,NA,0,0,0
8aq1um8m,1,2,0,No,0,0,0
8aq1um8m,1,2,0,NA,0,0,0
8aq1um8m,1,2,0,NA,0,0,0
8d8burza,1,3,0,Yes,1,3,2
8d8burza,1,3,0,NA,1,3,2
8d8burza,1,3,0,NA,1,3,2
8dj6grui,1,1,0,Yes,1,3,1
8dj6grui,1,1,0,NA,1,3,1
8dj6grui,1,1,0,NA,1,3,1
8dvp5m8u,1,3,0,Yes,1,2,1
8dvp5m8u,1,3,0,NA,1,2,1
8dvp5m8u,1,3,0,NA,1,2,1
8dvprdg9,1,3,0,Yes,1,4,3
8dvprdg9,1,3,0,NA,1,4,3
8dvprdg9,1,3,0,NA,1,4,3
8e4g7147,0,2,1,Yes,1,4,1
8e4g7147,0,2,1,NA,1,4,1
8e4g7147,0,2,1,NA,1,4,1
8fl5zrnx,1,3,0,No,0,0,0
8fl5zrnx,1,3,0,NA,0,0,0
8fl5zrnx,1,3,0,NA,0,0,0
8g33c748,0,3,1,No,0,0,0
8g33c748,0,3,1,NA,0,0,0
8g33c748,0,3,1,NA,0,0,0
8gck1y62,1,4,0,No,0,0,0
8gck1y62,1,4,0,NA,0,0,0
8gck1y62,1,4,0,NA,0,0,0
8gpg6z2e,1,4,0,Yes,0,2,0
8gpg6z2e,1,4,0,NA,0,2,0
8gpg6z2e,1,4,0,NA,0,2,0
8gslrzsu,0,3,1,Yes,1,2,2
8gslrzsu,0,3,1,NA,1,2,2
8gslrzsu,0,3,1,NA,1,2,2
8ilctj0n,0,4,1,No,0,0,0
8ilctj0n,0,4,1,NA,0,0,0
8ilctj0n,0,4,1,NA,0,0,0
8iovdq4b,1,2,0,Yes,1,1,1
8iovdq4b,1,2,0,NA,1,1,1
8iovdq4b,1,2,0,NA,1,1,1
8k226c1f,1,4,0,Yes,1,1,1
8k226c1f,1,4,0,NA,1,1,1
8k226c1f,1,4,0,NA,1,1,1
8ld9gl1y,1,4,0,Yes,1,3,3
8ld9gl1y,1,4,0,NA,1,3,3
8ld9gl1y,1,4,0,NA,1,3,3
8mtxhik9,1,1,0,Yes,1,1,1
8mtxhik9,1,1,0,NA,1,1,1
8mtxhik9,1,1,0,NA,1,1,1
8ochx13w,1,4,0,No,0,0,0
8ochx13w,1,4,0,NA,0,0,0
8ochx13w,1,4,0,NA,0,0,0
8otnu8iv,0,2,1,No,0,0,0
8otnu8iv,0,2,1,NA,0,0,0
8otnu8iv,0,2,1,NA,0,0,0
8peqh0tv,0,4,1,Yes,1,3,3
8peqh0tv,0,4,1,NA,1,3,3
8peqh0tv,0,4,1,NA,1,3,3
8q4nnuxb,1,3,0,Yes,0,5,0
8q4nnuxb,1,3,0,NA,0,5,0
8q4nnuxb,1,3,0,NA,0,5,0
8s5gvbli,1,3,0,Yes,0,1,0
8s5gvbli,1,3,0,NA,0,1,0
8s5gvbli,1,3,0,NA,0,1,0
8sd4oeqg,1,3,0,No,0,0,0
8sd4oeqg,1,3,0,NA,0,0,0
8sd4oeqg,1,3,0,NA,0,0,0
8ss9l8zp,1,2,0,Yes,0,5,0
8ss9l8zp,1,2,0,NA,0,5,0
8ss9l8zp,1,2,0,NA,0,5,0
8su0i93y,1,2,0,Yes,1,1,1
8su0i93y,1,2,0,NA,1,1,1
8su0i93y,1,2,0,NA,1,1,1
8sugig0v,1,4,0,No,0,0,0
8sugig0v,1,4,0,NA,0,0,0
8sugig0v,1,4,0,NA,0,0,0
8u55jloj,1,4,0,No,0,0,0
8u55jloj,1,4,0,NA,0,0,0
8u55jloj,1,4,0,NA,0,0,0
8ua7luwi,1,1,0,Yes,0,1,0
8ua7luwi,1,1,0,NA,0,1,0
8ua7luwi,1,1,0,NA,0,1,0
8xdnwm44,1,3,0,Yes,0,1,0
8xdnwm44,1,3,0,NA,0,1,0
8xdnwm44,1,3,0,NA,0,1,0
8y0q1irw,1,3,0,Yes,1,2,1
8y0q1irw,1,3,0,NA,1,2,1
8y0q1irw,1,3,0,NA,1,2,1
91adcg2i,1,4,0,Yes,0,2,0
91adcg2i,1,4,0,NA,0,2,0
91adcg2i,1,4,0,NA,0,2,0
91i51cbh,0,2,1,No,0,0,0
91i51cbh,0,2,1,NA,0,0,0
91i51cbh,0,2,1,NA,0,0,0
92e4scv3,1,2,0,No,0,0,0
92e4scv3,1,2,0,NA,0,0,0
92e4scv3,1,2,0,NA,0,0,0
92onvkne,1,2,0,Yes,1,1,1
92onvkne,1,2,0,NA,1,1,1
92onvkne,1,2,0,NA,1,1,1
938i6dri,1,4,0,Yes,1,2,1
938i6dri,1,4,0,NA,1,2,1
938i6dri,1,4,0,NA,1,2,1
938l75in,1,4,0,Yes,1,4,3
938l75in,1,4,0,NA,1,4,3
938l75in,1,4,0,NA,1,4,3
95lwgnia,1,1,0,No,0,0,0
95lwgnia,1,1,0,NA,0,0,0
95lwgnia,1,1,0,NA,0,0,0
96102gh3,0,1,1,Yes,1,1,1
96102gh3,0,1,1,NA,1,1,1
96102gh3,0,1,1,NA,1,1,1
978jfsre,0,3,1,Yes,0,1,0
978jfsre,0,3,1,NA,0,1,0
978jfsre,0,3,1,NA,0,1,0
97a1nxlv,1,4,0,Yes,0,1,0
97a1nxlv,1,4,0,NA,0,1,0
97a1nxlv,1,4,0,NA,0,1,0
97cm83kq,1,3,0,No,0,0,0
97cm83kq,1,3,0,NA,0,0,0
97cm83kq,1,3,0,NA,0,0,0
97g5076p,1,4,0,Yes,1,1,1
97g5076p,1,4,0,NA,1,1,1
97g5076p,1,4,0,NA,1,1,1
97navabn,1,1,0,No,0,0,0
97navabn,1,1,0,NA,0,0,0
97navabn,1,1,0,NA,0,0,0
97oh971s,1,2,0,No,0,0,0
97oh971s,1,2,0,NA,0,0,0
97oh971s,1,2,0,NA,0,0,0
97y48rq7,1,2,0,Yes,0,1,0
97y48rq7,1,2,0,NA,0,1,0
97y48rq7,1,2,0,NA,0,1,0
99raqhog,0,3,1,No,0,0,0
99raqhog,0,3,1,NA,0,0,0
99raqhog,0,3,1,NA,0,0,0
9a09g35u,1,3,0,No,0,0,0
9a09g35u,1,3,0,NA,0,0,0
9a09g35u,1,3,0,NA,0,0,0
9ay48pf5,1,3,0,No,0,0,0
9ay48pf5,1,3,0,NA,0,0,0
9ay48pf5,1,3,0,NA,0,0,0
9d4cbk0m,1,3,0,Yes,1,1,1
9d4cbk0m,1,3,0,NA,1,1,1
9d4cbk0m,1,3,0,NA,1,1,1
9e27qj3k,1,4,0,No,0,0,0
9e27qj3k,1,4,0,NA,0,0,0
9e27qj3k,1,4,0,NA,0,0,0
9fuwcy46,1,2,0,No,0,0,0
9fuwcy46,1,2,0,NA,0,0,0
9fuwcy46,1,2,0,NA,0,0,0
9h37jkax,1,1,0,No,0,0,0
9h37jkax,1,1,0,NA,0,0,0
9h37jkax,1,1,0,NA,0,0,0
9hul564x,0,4,1,Yes,1,2,1
9hul564x,0,4,1,NA,1,2,1
9hul564x,0,4,1,NA,1,2,1
9klc3uhu,1,3,0,No,0,0,0
9klc3uhu,1,3,0,NA,0,0,0
9klc3uhu,1,3,0,NA,0,0,0
9l6y1y5m,1,2,0,Yes,1,2,2
9l6y1y5m,1,2,0,NA,1,2,2
9l6y1y5m,1,2,0,NA,1,2,2
9l8w9afj,1,2,0,Yes,1,1,1
9l8w9afj,1,2,0,NA,1,1,1
9l8w9afj,1,2,0,NA,1,1,1
9mf3prrd,1,1,0,Yes,0,2,0
9mf3prrd,1,1,0,NA,0,2,0
9mf3prrd,1,1,0,NA,0,2,0
9n00hryq,1,2,0,Yes,0,4,0
9n00hryq,1,2,0,NA,0,4,0
9n00hryq,1,2,0,NA,0,4,0
9n99gr9c,1,3,0,Yes,0,2,0
9n99gr9c,1,3,0,NA,0,2,0
9n99gr9c,1,3,0,NA,0,2,0
9njbi09g,0,4,1,No,0,0,0
9njbi09g,0,4,1,NA,0,0,0
9njbi09g,0,4,1,NA,0,0,0
9o51vb27,0,2,1,Yes,1,2,1
9o51vb27,0,2,1,NA,1,2,1
9o51vb27,0,2,1,NA,1,2,1
9o857m79,1,3,0,Yes,1,2,2
9o857m79,1,3,0,NA,1,2,2
9o857m79,1,3,0,NA,1,2,2
9pqgwxja,0,3,1,Yes,1,1,1
9pqgwxja,0,3,1,NA,1,1,1
9pqgwxja,0,3,1,NA,1,1,1
9q1o0vue,1,4,0,Yes,1,1,1
9q1o0vue,1,4,0,NA,1,1,1
9q1o0vue,1,4,0,NA,1,1,1
9q51opg0,1,4,0,No,0,0,0
9q51opg0,1,4,0,NA,0,0,0
9q51opg0,1,4,0,NA,0,0,0
9qlegr6s,1,3,0,No,0,0,0
9qlegr6s,1,3,0,NA,0,0,0
9qlegr6s,1,3,0,NA,0,0,0
9sd87uom,0,3,1,No,0,0,0
9sd87uom,0,3,1,NA,0,0,0
9sd87uom,0,3,1,NA,0,0,0
9t9z0gbf,1,4,0,Yes,0,1,0
9t9z0gbf,1,4,0,NA,0,1,0
9t9z0gbf,1,4,0,NA,0,1,0
9tdy3vcs,1,4,0,No,0,0,0
9tdy3vcs,1,4,0,NA,0,0,0
9tdy3vcs,1,4,0,NA,0,0,0
9tgtgpb6,0,3,1,Yes,1,2,2
9tgtgpb6,0,3,1,NA,1,2,2
9tgtgpb6,0,3,1,NA,1,2,2
9uutd37l,0,2,1,No,0,0,0
9uutd37l,0,2,1,NA,0,0,0
9uutd37l,0,2,1,NA,0,0,0
9v6mt6dh,1,2,0,No,0,0,0
9v6mt6dh,1,2,0,NA,0,0,0
9v6mt6dh,1,2,0,NA,0,0,0
9vh2z0xu,1,4,0,No,0,0,0
9vh2z0xu,1,4,0,NA,0,0,0
9vh2z0xu,1,4,0,NA,0,0,0
9wueao03,0,3,1,Yes,0,1,0
9wueao03,0,3,1,NA,0,1,0
9wueao03,0,3,1,NA,0,1,0
9xsp7g0s,0,4,1,Yes,1,1,1
9xsp7g0s,0,4,1,NA,1,1,1
9xsp7g0s,0,4,1,NA,1,1,1
9ysd6097,1,2,0,Yes,1,1,1
9ysd6097,1,2,0,NA,1,1,1
9ysd6097,1,2,0,NA,1,1,1
9zmbolke,0,4,1,No,0,0,0
9zmbolke,0,4,1,NA,0,0,0
9zmbolke,0,4,1,NA,0,0,0
a0226svc,1,1,0,Yes,0,1,0
a0226svc,1,1,0,NA,0,1,0
a0226svc,1,1,0,NA,0,1,0
a0ogj71n,1,3,0,Yes,0,1,0
a0ogj71n,1,3,0,NA,0,1,0
a0ogj71n,1,3,0,NA,0,1,0
a1c16kcg,0,4,1,Yes,1,1,1
a1c16kcg,0,4,1,NA,1,1,1
a1c16kcg,0,4,1,NA,1,1,1
a3465z1i,1,3,0,No,0,0,0
a3465z1i,1,3,0,NA,0,0,0
a3465z1i,1,3,0,NA,0,0,0
a394wt50,1,4,0,No,0,0,0
a394wt50,1,4,0,NA,0,0,0
a394wt50,1,4,0,NA,0,0,0
a3n1ram4,1,4,0,No,0,0,0
a3n1ram4,1,4,0,NA,0,0,0
a3n1ram4,1,4,0,NA,0,0,0
a3pop6fq,0,3,1,Yes,1,1,1
a3pop6fq,0,3,1,NA,1,1,1
a3pop6fq,0,3,1,NA,1,1,1
a6pmpd32,0,3,1,No,0,0,0
a6pmpd32,0,3,1,NA,0,0,0
a6pmpd32,0,3,1,NA,0,0,0
a75szubq,1,4,0,Yes,1,3,2
a75szubq,1,4,0,NA,1,3,2
a75szubq,1,4,0,NA,1,3,2
a83x6vue,1,2,0,No,0,0,0
a83x6vue,1,2,0,NA,0,0,0
a83x6vue,1,2,0,NA,0,0,0
aa48vaeh,0,4,1,Yes,0,1,0
aa48vaeh,0,4,1,NA,0,1,0
aa48vaeh,0,4,1,NA,0,1,0
ac4v2xvk,1,2,0,Yes,1,1,1
ac4v2xvk,1,2,0,NA,1,1,1
ac4v2xvk,1,2,0,NA,1,1,1
ae8yqb1d,1,2,0,Yes,0,2,0
ae8yqb1d,1,2,0,NA,0,2,0
ae8yqb1d,1,2,0,NA,0,2,0
ag03dgcz,1,1,0,No,0,0,0
ag03dgcz,1,1,0,NA,0,0,0
ag03dgcz,1,1,0,NA,0,0,0
ailrvqg8,0,3,1,Yes,0,3,0
ailrvqg8,0,3,1,NA,0,3,0
ailrvqg8,0,3,1,NA,0,3,0
ajcalr8f,1,3,0,No,0,0,0
ajcalr8f,1,3,0,NA,0,0,0
ajcalr8f,1,3,0,NA,0,0,0
ak2pyjou,1,4,0,Yes,1,5,2
ak2pyjou,1,4,0,NA,1,5,2
ak2pyjou,1,4,0,NA,1,5,2
akcz4qdt,1,4,0,Yes,1,1,1
akcz4qdt,1,4,0,NA,1,1,1
akcz4qdt,1,4,0,NA,1,1,1
algg5roq,1,3,0,Yes,0,1,0
algg5roq,1,3,0,NA,0,1,0
algg5roq,1,3,0,NA,0,1,0
aln0ex4y,1,2,0,Yes,0,2,0
aln0ex4y,1,2,0,NA,0,2,0
aln0ex4y,1,2,0,NA,0,2,0
alxpu9zx,1,3,0,Yes,1,1,1
alxpu9zx,1,3,0,NA,1,1,1
alxpu9zx,1,3,0,NA,1,1,1
aqpkwjp9,0,3,1,No,0,0,0
aqpkwjp9,0,3,1,NA,0,0,0
aqpkwjp9,0,3,1,NA,0,0,0
aqwve9tn,1,2,0,Yes,1,1,1
aqwve9tn,1,2,0,NA,1,1,1
aqwve9tn,1,2,0,NA,1,1,1
arl5zqcb,0,3,1,No,0,0,0
arl5zqcb,0,3,1,NA,0,0,0
arl5zqcb,0,3,1,NA,0,0,0
arxv3idg,1,3,0,Yes,0,1,0
arxv3idg,1,3,0,NA,0,1,0
arxv3idg,1,3,0,NA,0,1,0
as4i0c1p,1,2,0,No,0,0,0
as4i0c1p,1,2,0,NA,0,0,0
as4i0c1p,1,2,0,NA,0,0,0
asx0smqv,1,2,0,Yes,1,1,1
asx0smqv,1,2,0,NA,1,1,1
asx0smqv,1,2,0,NA,1,1,1
asxhstr9,1,3,0,No,0,0,0
asxhstr9,1,3,0,NA,0,0,0
asxhstr9,1,3,0,NA,0,0,0
athy69xp,1,1,0,No,0,0,0
athy69xp,1,1,0,NA,0,0,0
athy69xp,1,1,0,NA,0,0,0
au8pfy2x,1,1,0,Yes,0,3,0
au8pfy2x,1,1,0,NA,0,3,0
au8pfy2x,1,1,0,NA,0,3,0
auguwpoi,1,2,0,Yes,1,2,2
auguwpoi,1,2,0,NA,1,2,2
auguwpoi,1,2,0,NA,1,2,2
aukuabpm,0,2,1,No,0,0,0
aukuabpm,0,2,1,NA,0,0,0
aukuabpm,0,2,1,NA,0,0,0
avanihgx,1,2,0,No,0,0,0
avanihgx,1,2,0,NA,0,0,0
avanihgx,1,2,0,NA,0,0,0
awaqf4kl,1,3,0,No,0,0,0
awaqf4kl,1,3,0,NA,0,0,0
awaqf4kl,1,3,0,NA,0,0,0
ax8rioe0,1,4,0,No,0,0,0
ax8rioe0,1,4,0,NA,0,0,0
ax8rioe0,1,4,0,NA,0,0,0
azfdb20i,0,1,1,Yes,0,2,0
azfdb20i,0,1,1,NA,0,2,0
azfdb20i,0,1,1,NA,0,2,0
azjecqsr,1,4,0,Yes,1,1,1
azjecqsr,1,4,0,NA,1,1,1
azjecqsr,1,4,0,NA,1,1,1
b07ehhe0,1,4,0,Yes,1,1,1
b07ehhe0,1,4,0,NA,1,1,1
b07ehhe0,1,4,0,NA,1,1,1
b0wfyo59,1,1,0,No,0,0,0
b0wfyo59,1,1,0,NA,0,0,0
b0wfyo59,1,1,0,NA,0,0,0
b0yqenhh,0,3,1,No,0,0,0
b0yqenhh,0,3,1,NA,0,0,0
b0yqenhh,0,3,1,NA,0,0,0
b3dxgak8,0,4,1,Yes,0,1,0
b3dxgak8,0,4,1,NA,0,1,0
b3dxgak8,0,4,1,NA,0,1,0
b3hjt626,0,1,1,No,0,0,0
b3hjt626,0,1,1,NA,0,0,0
b3hjt626,0,1,1,NA,0,0,0
b3mv9w4c,0,4,1,Yes,1,1,1
b3mv9w4c,0,4,1,NA,1,1,1
b3mv9w4c,0,4,1,NA,1,1,1
b4jwrnd5,1,4,0,Yes,1,1,1
b4jwrnd5,1,4,0,NA,1,1,1
b4jwrnd5,1,4,0,NA,1,1,1
b5bhwk5r,1,2,0,Yes,1,1,1
b5bhwk5r,1,2,0,NA,1,1,1
b5bhwk5r,1,2,0,NA,1,1,1
b7xrrty8,0,2,1,No,0,0,0
b7xrrty8,0,2,1,NA,0,0,0
b7xrrty8,0,2,1,NA,0,0,0
b91ggoia,0,2,1,Yes,0,2,0
b91ggoia,0,2,1,NA,0,2,0
b91ggoia,0,2,1,NA,0,2,0
b9auuzfb,1,2,0,No,0,0,0
b9auuzfb,1,2,0,NA,0,0,0
b9auuzfb,1,2,0,NA,0,0,0
b9e1m98s,1,3,0,Yes,1,2,2
b9e1m98s,1,3,0,NA,1,2,2
b9e1m98s,1,3,0,NA,1,2,2
ba5yvt4v,1,3,0,Yes,1,1,1
ba5yvt4v,1,3,0,NA,1,1,1
ba5yvt4v,1,3,0,NA,1,1,1
bblvbrcg,0,2,1,No,0,0,0
bblvbrcg,0,2,1,NA,0,0,0
bblvbrcg,0,2,1,NA,0,0,0
bci4w0kb,1,3,0,No,0,0,0
bci4w0kb,1,3,0,NA,0,0,0
bci4w0kb,1,3,0,NA,0,0,0
bcuiyjua,0,3,1,Yes,1,1,1
bcuiyjua,0,3,1,NA,1,1,1
bcuiyjua,0,3,1,NA,1,1,1
bdzzut3p,0,4,1,Yes,1,2,1
bdzzut3p,0,4,1,NA,1,2,1
bdzzut3p,0,4,1,NA,1,2,1
bfqdzgid,0,1,1,Yes,0,2,0
bfqdzgid,0,1,1,NA,0,2,0
bfqdzgid,0,1,1,NA,0,2,0
bgwsx1o4,0,4,1,No,0,0,0
bgwsx1o4,0,4,1,NA,0,0,0
bgwsx1o4,0,4,1,NA,0,0,0
bhvpylny,0,2,1,Yes,1,4,3
bhvpylny,0,2,1,NA,1,4,3
bhvpylny,0,2,1,NA,1,4,3
bmdshmg7,1,2,0,Yes,1,2,1
bmdshmg7,1,2,0,NA,1,2,1
bmdshmg7,1,2,0,NA,1,2,1
bmuig1pm,1,1,0,No,0,0,0
bmuig1pm,1,1,0,NA,0,0,0
bmuig1pm,1,1,0,NA,0,0,0
bnczh5ab,0,2,1,Yes,0,1,0
bnczh5ab,0,2,1,NA,0,1,0
bnczh5ab,0,2,1,NA,0,1,0
bohbw2c5,1,4,0,No,0,0,0
bohbw2c5,1,4,0,NA,0,0,0
bohbw2c5,1,4,0,NA,0,0,0
bpy8mqyk,0,4,1,Yes,1,4,2
bpy8mqyk,0,4,1,NA,1,4,2
bpy8mqyk,0,4,1,NA,1,4,2
brruan76,1,3,0,No,0,0,0
brruan76,1,3,0,NA,0,0,0
brruan76,1,3,0,NA,0,0,0
bu4dkbar,1,2,0,No,0,0,0
bu4dkbar,1,2,0,NA,0,0,0
bu4dkbar,1,2,0,NA,0,0,0
bubehbtp,0,2,1,Yes,1,2,2
bubehbtp,0,2,1,NA,1,2,2
bubehbtp,0,2,1,NA,1,2,2
bufrvfki,1,2,0,Yes,1,1,1
bufrvfki,1,2,0,NA,1,1,1
bufrvfki,1,2,0,NA,1,1,1
bvhj9d51,1,4,0,Yes,1,5,2
bvhj9d51,1,4,0,NA,1,5,2
bvhj9d51,1,4,0,NA,1,5,2
bx0cq719,0,4,1,Yes,0,1,0
bx0cq719,0,4,1,NA,0,1,0
bx0cq719,0,4,1,NA,0,1,0
bzi19bhd,0,4,1,Yes,1,3,2
bzi19bhd,0,4,1,NA,1,3,2
bzi19bhd,0,4,1,NA,1,3,2
c1y2j18o,1,3,0,No,0,0,0
c1y2j18o,1,3,0,NA,0,0,0
c1y2j18o,1,3,0,NA,0,0,0
c2fc3way,1,1,0,No,0,0,0
c2fc3way,1,1,0,NA,0,0,0
c2fc3way,1,1,0,NA,0,0,0
c2tw16l6,1,4,0,Yes,1,4,2
c2tw16l6,1,4,0,NA,1,4,2
c2tw16l6,1,4,0,NA,1,4,2
c4p96ajx,1,4,0,Yes,0,1,0
c4p96ajx,1,4,0,NA,0,1,0
c4p96ajx,1,4,0,NA,0,1,0
c5fug6xa,1,4,0,Yes,0,1,0
c5fug6xa,1,4,0,NA,0,1,0
c5fug6xa,1,4,0,NA,0,1,0
c5qc1h8k,1,1,0,Yes,1,2,2
c5qc1h8k,1,1,0,NA,1,2,2
c5qc1h8k,1,1,0,NA,1,2,2
c6sbbkz9,1,4,0,No,0,0,0
c6sbbkz9,1,4,0,NA,0,0,0
c6sbbkz9,1,4,0,NA,0,0,0
c7jzv2up,0,2,1,Yes,1,3,2
c7jzv2up,0,2,1,NA,1,3,2
c7jzv2up,0,2,1,NA,1,3,2
c99efagy,1,3,0,No,0,0,0
c99efagy,1,3,0,NA,0,0,0
c99efagy,1,3,0,NA,0,0,0
c9euaplk,1,3,0,Yes,1,3,3
c9euaplk,1,3,0,NA,1,3,3
c9euaplk,1,3,0,NA,1,3,3
c9r009c0,1,2,0,No,0,0,0
c9r009c0,1,2,0,NA,0,0,0
c9r009c0,1,2,0,NA,0,0,0
cbkqq6zp,1,3,0,No,0,0,0
cbkqq6zp,1,3,0,NA,0,0,0
cbkqq6zp,1,3,0,NA,0,0,0
cdh3x4ai,1,2,0,Yes,1,1,1
cdh3x4ai,1,2,0,NA,1,1,1
cdh3x4ai,1,2,0,NA,1,1,1
ce5woqwj,1,2,0,Yes,1,1,1
ce5woqwj,1,2,0,NA,1,1,1
ce5woqwj,1,2,0,NA,1,1,1
cecz0agg,1,3,0,Yes,1,2,1
cecz0agg,1,3,0,NA,1,2,1
cecz0agg,1,3,0,NA,1,2,1
cfmakwae,0,4,1,Yes,1,5,3
cfmakwae,0,4,1,NA,1,5,3
cfmakwae,0,4,1,NA,1,5,3
cfn81q68,1,3,0,Yes,1,3,3
cfn81q68,1,3,0,NA,1,3,3
cfn81q68,1,3,0,NA,1,3,3
cfpks2qk,1,4,0,Yes,1,4,3
cfpks2qk,1,4,0,NA,1,4,3
cfpks2qk,1,4,0,NA,1,4,3
cfv0axgn,1,4,0,Yes,1,1,1
cfv0axgn,1,4,0,NA,1,1,1
cfv0axgn,1,4,0,NA,1,1,1
ck4qqzec,0,3,1,Yes,1,5,3
ck4qqzec,0,3,1,NA,1,5,3
ck4qqzec,0,3,1,NA,1,5,3
ckeurm26,1,4,0,No,0,0,0
ckeurm26,1,4,0,NA,0,0,0
ckeurm26,1,4,0,NA,0,0,0
ckpm1v47,1,2,0,Yes,0,1,0
ckpm1v47,1,2,0,NA,0,1,0
ckpm1v47,1,2,0,NA,0,1,0
cn4gctjp,1,4,0,No,0,0,0
cn4gctjp,1,4,0,NA,0,0,0
cn4gctjp,1,4,0,NA,0,0,0
co7whckx,0,2,1,Yes,0,1,0
co7whckx,0,2,1,NA,0,1,0
co7whckx,0,2,1,NA,0,1,0
coth8nin,1,4,0,Yes,1,3,1
coth8nin,1,4,0,NA,1,3,1
coth8nin,1,4,0,NA,1,3,1
cq3cch9p,0,2,1,No,0,0,0
cq3cch9p,0,2,1,NA,0,0,0
cq3cch9p,0,2,1,NA,0,0,0
cq8kkmpx,1,3,0,Yes,0,1,0
cq8kkmpx,1,3,0,NA,0,1,0
cq8kkmpx,1,3,0,NA,0,1,0
cqxwaodb,1,1,0,Yes,1,3,1
cqxwaodb,1,1,0,NA,1,3,1
cqxwaodb,1,1,0,NA,1,3,1
cqyxb307,1,4,0,Yes,0,1,0
cqyxb307,1,4,0,NA,0,1,0
cqyxb307,1,4,0,NA,0,1,0
ctge6pp0,1,3,0,Yes,1,3,3
ctge6pp0,1,3,0,NA,1,3,3
ctge6pp0,1,3,0,NA,1,3,3
cud44w9n,1,3,0,Yes,0,1,0
cud44w9n,1,3,0,NA,0,1,0
cud44w9n,1,3,0,NA,0,1,0
cve57rar,1,3,0,Yes,1,3,1
cve57rar,1,3,0,NA,1,3,1
cve57rar,1,3,0,NA,1,3,1
cxhi3pl3,1,1,0,No,0,0,0
cxhi3pl3,1,1,0,NA,0,0,0
cxhi3pl3,1,1,0,NA,0,0,0
cxio0izg,1,1,0,No,0,0,0
cxio0izg,1,1,0,NA,0,0,0
cxio0izg,1,1,0,NA,0,0,0
cy0h3qnd,1,2,0,Yes,1,1,1
cy0h3qnd,1,2,0,NA,1,1,1
cy0h3qnd,1,2,0,NA,1,1,1
czui2twa,0,4,1,No,0,0,0
czui2twa,0,4,1,NA,0,0,0
czui2twa,0,4,1,NA,0,0,0
d1kwe8f3,1,4,0,No,0,0,0
d1kwe8f3,1,4,0,NA,0,0,0
d1kwe8f3,1,4,0,NA,0,0,0
d1w8wnjp,1,4,0,Yes,1,2,2
d1w8wnjp,1,4,0,NA,1,2,2
d1w8wnjp,1,4,0,NA,1,2,2
d2duuij4,1,4,0,Yes,1,2,2
d2duuij4,1,4,0,NA,1,2,2
d2duuij4,1,4,0,NA,1,2,2
d2nprhvp,1,1,0,Yes,1,5,2
d2nprhvp,1,1,0,NA,1,5,2
d2nprhvp,1,1,0,NA,1,5,2
d3a647fs,1,2,0,No,0,0,0
d3a647fs,1,2,0,NA,0,0,0
d3a647fs,1,2,0,NA,0,0,0
d3s6k7zd,1,3,0,Yes,1,1,1
d3s6k7zd,1,3,0,NA,1,1,1
d3s6k7zd,1,3,0,NA,1,1,1
d582xa6w,1,4,0,Yes,1,1,1
d582xa6w,1,4,0,NA,1,1,1
d582xa6w,1,4,0,NA,1,1,1
d5kfa7fo,1,4,0,Yes,1,2,2
d5kfa7fo,1,4,0,NA,1,2,2
d5kfa7fo,1,4,0,NA,1,2,2
d7ozlz5t,1,3,0,Yes,1,1,1
d7ozlz5t,1,3,0,NA,1,1,1
d7ozlz5t,1,3,0,NA,1,1,1
d7xdwby8,0,2,1,No,0,0,0
d7xdwby8,0,2,1,NA,0,0,0
d7xdwby8,0,2,1,NA,0,0,0
d8d5iwfo,1,3,0,No,0,0,0
d8d5iwfo,1,3,0,NA,0,0,0
d8d5iwfo,1,3,0,NA,0,0,0
d9wm34e1,1,3,0,No,0,0,0
d9wm34e1,1,3,0,NA,0,0,0
d9wm34e1,1,3,0,NA,0,0,0
db3vn6w0,1,1,0,Yes,0,1,0
db3vn6w0,1,1,0,NA,0,1,0
db3vn6w0,1,1,0,NA,0,1,0
db5qrf4d,0,4,1,Yes,1,2,1
db5qrf4d,0,4,1,NA,1,2,1
db5qrf4d,0,4,1,NA,1,2,1
df8nmqi7,0,3,1,Yes,1,3,2
df8nmqi7,0,3,1,NA,1,3,2
df8nmqi7,0,3,1,NA,1,3,2
dflkxxb9,1,4,0,Yes,1,3,3
dflkxxb9,1,4,0,NA,1,3,3
dflkxxb9,1,4,0,NA,1,3,3
dgii4vju,1,1,0,Yes,1,1,1
dgii4vju,1,1,0,NA,1,1,1
dgii4vju,1,1,0,NA,1,1,1
dgvkun5r,1,3,0,Yes,1,1,1
dgvkun5r,1,3,0,NA,1,1,1
dgvkun5r,1,3,0,NA,1,1,1
dh4vfyyy,1,3,0,Yes,0,2,0
dh4vfyyy,1,3,0,NA,0,2,0
dh4vfyyy,1,3,0,NA,0,2,0
dl9xssgh,1,4,0,Yes,1,3,3
dl9xssgh,1,4,0,NA,1,3,3
dl9xssgh,1,4,0,NA,1,3,3
dlojm2yr,1,2,0,No,0,0,0
dlojm2yr,1,2,0,NA,0,0,0
dlojm2yr,1,2,0,NA,0,0,0
dm9hkv98,1,3,0,Yes,1,1,1
dm9hkv98,1,3,0,NA,1,1,1
dm9hkv98,1,3,0,NA,1,1,1
dnlofon5,1,4,0,No,0,0,0
dnlofon5,1,4,0,NA,0,0,0
dnlofon5,1,4,0,NA,0,0,0
do66bsmb,1,4,0,Yes,1,2,1
do66bsmb,1,4,0,NA,1,2,1
do66bsmb,1,4,0,NA,1,2,1
drna65pq,1,4,0,Yes,0,1,0
drna65pq,1,4,0,NA,0,1,0
drna65pq,1,4,0,NA,0,1,0
dthxevo7,1,4,0,No,0,0,0
dthxevo7,1,4,0,NA,0,0,0
dthxevo7,1,4,0,NA,0,0,0
dtss89xu,1,1,0,No,0,0,0
dtss89xu,1,1,0,NA,0,0,0
dtss89xu,1,1,0,NA,0,0,0
dvkoidtw,1,3,0,No,0,0,0
dvkoidtw,1,3,0,NA,0,0,0
dvkoidtw,1,3,0,NA,0,0,0
dwd32qbe,0,1,1,Yes,0,1,0
dwd32qbe,0,1,1,NA,0,1,0
dwd32qbe,0,1,1,NA,0,1,0
dx6y6i41,1,2,0,No,0,0,0
dx6y6i41,1,2,0,NA,0,0,0
dx6y6i41,1,2,0,NA,0,0,0
dxxu55bv,1,2,0,Yes,1,3,2
dxxu55bv,1,2,0,NA,1,3,2
dxxu55bv,1,2,0,NA,1,3,2
dy118xtr,0,2,1,Yes,1,2,2
dy118xtr,0,2,1,NA,1,2,2
dy118xtr,0,2,1,NA,1,2,2
dyqbsbua,1,2,0,Yes,1,1,1
dyqbsbua,1,2,0,NA,1,1,1
dyqbsbua,1,2,0,NA,1,1,1
e1zufj9t,1,4,0,No,0,0,0
e1zufj9t,1,4,0,NA,0,0,0
e1zufj9t,1,4,0,NA,0,0,0
e3m8n69h,1,3,0,Yes,1,2,2
e3m8n69h,1,3,0,NA,1,2,2
e3m8n69h,1,3,0,NA,1,2,2
e4v3uid3,1,3,0,Yes,1,2,2
e4v3uid3,1,3,0,NA,1,2,2
e4v3uid3,1,3,0,NA,1,2,2
e576vebb,1,3,0,No,0,0,0
e576vebb,1,3,0,NA,0,0,0
e576vebb,1,3,0,NA,0,0,0
e7vcise7,1,4,0,No,0,0,0
e7vcise7,1,4,0,NA,0,0,0
e7vcise7,1,4,0,NA,0,0,0
e8x1odkh,0,1,1,No,0,0,0
e8x1odkh,0,1,1,NA,0,0,0
e8x1odkh,0,1,1,NA,0,0,0
ec93x4t7,0,2,1,Yes,0,1,0
ec93x4t7,0,2,1,NA,0,1,0
ec93x4t7,0,2,1,NA,0,1,0
ed4pi769,0,2,1,Yes,1,2,1
ed4pi769,0,2,1,NA,1,2,1
ed4pi769,0,2,1,NA,1,2,1
edpj0j2q,1,4,0,No,0,0,0
edpj0j2q,1,4,0,NA,0,0,0
edpj0j2q,1,4,0,NA,0,0,0
eeba0ftz,0,4,1,Yes,1,4,1
eeba0ftz,0,4,1,NA,1,4,1
eeba0ftz,0,4,1,NA,1,4,1
eegyw01q,1,3,0,Yes,1,1,1
eegyw01q,1,3,0,NA,1,1,1
eegyw01q,1,3,0,NA,1,1,1
efvvmmlk,1,1,0,Yes,1,2,2
efvvmmlk,1,1,0,NA,1,2,2
efvvmmlk,1,1,0,NA,1,2,2
egcqkjli,0,2,1,No,0,0,0
egcqkjli,0,2,1,NA,0,0,0
egcqkjli,0,2,1,NA,0,0,0
egnif6ru,0,3,1,Yes,1,3,3
egnif6ru,0,3,1,NA,1,3,3
egnif6ru,0,3,1,NA,1,3,3
eh3nvgdr,1,2,0,Yes,0,1,0
eh3nvgdr,1,2,0,NA,0,1,0
eh3nvgdr,1,2,0,NA,0,1,0
ei1na9rp,1,3,0,No,0,0,0
ei1na9rp,1,3,0,NA,0,0,0
ei1na9rp,1,3,0,NA,0,0,0
ei8rgya8,0,2,1,Yes,1,1,1
ei8rgya8,0,2,1,NA,1,1,1
ei8rgya8,0,2,1,NA,1,1,1
eiwjk36w,1,4,0,Yes,1,3,3
eiwjk36w,1,4,0,NA,1,3,3
eiwjk36w,1,4,0,NA,1,3,3
ej0sd3ay,0,4,1,Yes,1,3,2
ej0sd3ay,0,4,1,NA,1,3,2
ej0sd3ay,0,4,1,NA,1,3,2
ek09dkhp,0,2,1,No,0,0,0
ek09dkhp,0,2,1,NA,0,0,0
ek09dkhp,0,2,1,NA,0,0,0
ely3b844,0,4,1,Yes,0,3,0
ely3b844,0,4,1,NA,0,3,0
ely3b844,0,4,1,NA,0,3,0
ensqfz76,1,4,0,Yes,1,1,1
ensqfz76,1,4,0,NA,1,1,1
ensqfz76,1,4,0,NA,1,1,1
eodevygx,0,4,1,No,0,0,0
eodevygx,0,4,1,NA,0,0,0
eodevygx,0,4,1,NA,0,0,0
epcs5mht,1,3,0,No,0,0,0
epcs5mht,1,3,0,NA,0,0,0
epcs5mht,1,3,0,NA,0,0,0
eqlg56ar,1,2,0,No,0,0,0
eqlg56ar,1,2,0,NA,0,0,0
eqlg56ar,1,2,0,NA,0,0,0
eqs51ksm,0,3,1,Yes,1,4,2
eqs51ksm,0,3,1,NA,1,4,2
eqs51ksm,0,3,1,NA,1,4,2
equyz7ax,0,3,1,Yes,1,5,2
equyz7ax,0,3,1,NA,1,5,2
equyz7ax,0,3,1,NA,1,5,2
erk40qur,0,4,1,No,0,0,0
erk40qur,0,4,1,NA,0,0,0
erk40qur,0,4,1,NA,0,0,0
ermb8e7r,1,1,0,No,0,0,0
ermb8e7r,1,1,0,NA,0,0,0
ermb8e7r,1,1,0,NA,0,0,0
eur8x1ma,1,4,0,No,0,0,0
eur8x1ma,1,4,0,NA,0,0,0
eur8x1ma,1,4,0,NA,0,0,0
ewur47ik,1,1,0,Yes,1,1,1
ewur47ik,1,1,0,NA,1,1,1
ewur47ik,1,1,0,NA,1,1,1
ewvg7evz,1,2,0,No,0,0,0
ewvg7evz,1,2,0,NA,0,0,0
ewvg7evz,1,2,0,NA,0,0,0
exmremp9,1,4,0,No,0,0,0
exmremp9,1,4,0,NA,0,0,0
exmremp9,1,4,0,NA,0,0,0
f1x58qw2,1,3,0,No,0,0,0
f1x58qw2,1,3,0,NA,0,0,0
f1x58qw2,1,3,0,NA,0,0,0
f2wtznl4,1,4,0,Yes,0,4,0
f2wtznl4,1,4,0,NA,0,4,0
f2wtznl4,1,4,0,NA,0,4,0
f3ccv1s2,0,2,1,Yes,1,3,1
f3ccv1s2,0,2,1,NA,1,3,1
f3ccv1s2,0,2,1,NA,1,3,1
f3dw888w,0,1,1,No,0,0,0
f3dw888w,0,1,1,NA,0,0,0
f3dw888w,0,1,1,NA,0,0,0
f3faghkw,0,3,1,Yes,1,1,1
f3faghkw,0,3,1,NA,1,1,1
f3faghkw,0,3,1,NA,1,1,1
f48hpez5,1,2,0,Yes,1,1,1
f48hpez5,1,2,0,NA,1,1,1
f48hpez5,1,2,0,NA,1,1,1
f4wtk39r,1,3,0,Yes,1,1,1
f4wtk39r,1,3,0,NA,1,1,1
f4wtk39r,1,3,0,NA,1,1,1
f74s9rte,0,4,1,No,0,0,0
f74s9rte,0,4,1,NA,0,0,0
f74s9rte,0,4,1,NA,0,0,0
f7o19q3g,1,3,0,No,0,0,0
f7o19q3g,1,3,0,NA,0,0,0
f7o19q3g,1,3,0,NA,0,0,0
f86yeeio,1,2,0,Yes,1,2,1
f86yeeio,1,2,0,NA,1,2,1
f86yeeio,1,2,0,NA,1,2,1
f9j9r0bf,1,2,0,Yes,0,1,0
f9j9r0bf,1,2,0,NA,0,1,0
f9j9r0bf,1,2,0,NA,0,1,0
fdnt854c,1,1,0,No,0,0,0
fdnt854c,1,1,0,NA,0,0,0
fdnt854c,1,1,0,NA,0,0,0
fdwilnmz,0,4,1,Yes,1,2,2
fdwilnmz,0,4,1,NA,1,2,2
fdwilnmz,0,4,1,NA,1,2,2
fe5l0k1f,1,3,0,Yes,0,1,0
fe5l0k1f,1,3,0,NA,0,1,0
fe5l0k1f,1,3,0,NA,0,1,0
fegpv02y,1,4,0,Yes,1,3,1
fegpv02y,1,4,0,NA,1,3,1
fegpv02y,1,4,0,NA,1,3,1
fes3076a,0,4,1,Yes,1,1,1
fes3076a,0,4,1,NA,1,1,1
fes3076a,0,4,1,NA,1,1,1
fevpptof,0,3,1,No,0,0,0
fevpptof,0,3,1,NA,0,0,0
fevpptof,0,3,1,NA,0,0,0
fey9ogdx,1,4,0,Yes,1,3,3
fey9ogdx,1,4,0,NA,1,3,3
fey9ogdx,1,4,0,NA,1,3,3
fgfjfkzn,0,1,1,Yes,0,2,0
fgfjfkzn,0,1,1,NA,0,2,0
fgfjfkzn,0,1,1,NA,0,2,0
fhzqn4zt,0,3,1,Yes,0,2,0
fhzqn4zt,0,3,1,NA,0,2,0
fhzqn4zt,0,3,1,NA,0,2,0
fic37iy4,1,2,0,Yes,0,1,0
fic37iy4,1,2,0,NA,0,1,0
fic37iy4,1,2,0,NA,0,1,0
fj2etoch,0,4,1,Yes,1,3,2
fj2etoch,0,4,1,NA,1,3,2
fj2etoch,0,4,1,NA,1,3,2
fldp5hiv,0,2,1,Yes,1,2,1
fldp5hiv,0,2,1,NA,1,2,1
fldp5hiv,0,2,1,NA,1,2,1
flgp4d94,1,4,0,Yes,1,2,2
flgp4d94,1,4,0,NA,1,2,2
flgp4d94,1,4,0,NA,1,2,2
fn3v1r24,1,1,0,No,0,0,0
fn3v1r24,1,1,0,NA,0,0,0
fn3v1r24,1,1,0,NA,0,0,0
fnam69eg,1,1,0,Yes,0,1,0
fnam69eg,1,1,0,NA,0,1,0
fnam69eg,1,1,0,NA,0,1,0
fnva9s08,0,3,1,Yes,1,3,3
fnva9s08,0,3,1,NA,1,3,3
fnva9s08,0,3,1,NA,1,3,3
frjdl5ua,0,3,1,Yes,0,3,0
frjdl5ua,0,3,1,NA,0,3,0
frjdl5ua,0,3,1,NA,0,3,0
fsnif7po,0,4,1,Yes,1,2,2
fsnif7po,0,4,1,NA,1,2,2
fsnif7po,0,4,1,NA,1,2,2
ftzt4elk,1,2,0,No,0,0,0
ftzt4elk,1,2,0,NA,0,0,0
ftzt4elk,1,2,0,NA,0,0,0
fvv72phy,1,4,0,No,0,0,0
fvv72phy,1,4,0,NA,0,0,0
fvv72phy,1,4,0,NA,0,0,0
fx97bxv2,1,3,0,Yes,1,2,2
fx97bxv2,1,3,0,NA,1,2,2
fx97bxv2,1,3,0,NA,1,2,2
g1zlsv0r,0,2,1,No,0,0,0
g1zlsv0r,0,2,1,NA,0,0,0
g1zlsv0r,0,2,1,NA,0,0,0
g663yt24,1,3,0,No,0,0,0
g663yt24,1,3,0,NA,0,0,0
g663yt24,1,3,0,NA,0,0,0
g7are8tk,1,3,0,No,0,0,0
g7are8tk,1,3,0,NA,0,0,0
g7are8tk,1,3,0,NA,0,0,0
g81fg2x5,1,2,0,No,0,0,0
g81fg2x5,1,2,0,NA,0,0,0
g81fg2x5,1,2,0,NA,0,0,0
g9m5wxg0,1,3,0,No,0,0,0
g9m5wxg0,1,3,0,NA,0,0,0
g9m5wxg0,1,3,0,NA,0,0,0
g9nmk761,1,1,0,Yes,1,1,1
g9nmk761,1,1,0,NA,1,1,1
g9nmk761,1,1,0,NA,1,1,1
g9z2maoz,1,3,0,Yes,1,1,1
g9z2maoz,1,3,0,NA,1,1,1
g9z2maoz,1,3,0,NA,1,1,1
ga4zlztr,1,2,0,Yes,1,2,1
ga4zlztr,1,2,0,NA,1,2,1
ga4zlztr,1,2,0,NA,1,2,1
gcq4usan,1,4,0,No,0,0,0
gcq4usan,1,4,0,NA,0,0,0
gcq4usan,1,4,0,NA,0,0,0
gdahg14y,0,4,1,Yes,1,2,2
gdahg14y,0,4,1,NA,1,2,2
gdahg14y,0,4,1,NA,1,2,2
gdemodmb,0,4,1,No,0,0,0
gdemodmb,0,4,1,NA,0,0,0
gdemodmb,0,4,1,NA,0,0,0
gg69iwa4,0,1,1,No,0,0,0
gg69iwa4,0,1,1,NA,0,0,0
gg69iwa4,0,1,1,NA,0,0,0
ggseivxk,0,4,1,No,0,0,0
ggseivxk,0,4,1,NA,0,0,0
ggseivxk,0,4,1,NA,0,0,0
gk3hl2rm,1,3,0,Yes,0,1,0
gk3hl2rm,1,3,0,NA,0,1,0
gk3hl2rm,1,3,0,NA,0,1,0
gk5sgyr6,1,3,0,No,0,0,0
gk5sgyr6,1,3,0,NA,0,0,0
gk5sgyr6,1,3,0,NA,0,0,0
gks7ys1b,1,3,0,Yes,1,1,1
gks7ys1b,1,3,0,NA,1,1,1
gks7ys1b,1,3,0,NA,1,1,1
gld5bw9c,1,4,0,Yes,1,2,1
gld5bw9c,1,4,0,NA,1,2,1
gld5bw9c,1,4,0,NA,1,2,1
go1x58v2,1,2,0,No,0,0,0
go1x58v2,1,2,0,NA,0,0,0
go1x58v2,1,2,0,NA,0,0,0
goev1ppg,1,4,0,No,0,0,0
goev1ppg,1,4,0,NA,0,0,0
goev1ppg,1,4,0,NA,0,0,0
gonanh58,1,1,0,No,0,0,0
gonanh58,1,1,0,NA,0,0,0
gonanh58,1,1,0,NA,0,0,0
govcu2p4,1,2,0,Yes,1,1,1
govcu2p4,1,2,0,NA,1,1,1
govcu2p4,1,2,0,NA,1,1,1
grer568j,1,1,0,No,0,0,0
grer568j,1,1,0,NA,0,0,0
grer568j,1,1,0,NA,0,0,0
grt1ls0z,1,4,0,Yes,0,2,0
grt1ls0z,1,4,0,NA,0,2,0
grt1ls0z,1,4,0,NA,0,2,0
gt7hzumn,0,3,1,No,0,0,0
gt7hzumn,0,3,1,NA,0,0,0
gt7hzumn,0,3,1,NA,0,0,0
guzd650d,1,4,0,Yes,1,1,1
guzd650d,1,4,0,NA,1,1,1
guzd650d,1,4,0,NA,1,1,1
gv1tjnt7,1,2,0,Yes,0,1,0
gv1tjnt7,1,2,0,NA,0,1,0
gv1tjnt7,1,2,0,NA,0,1,0
gvqdc5ny,1,1,0,Yes,1,1,1
gvqdc5ny,1,1,0,NA,1,1,1
gvqdc5ny,1,1,0,NA,1,1,1
gw9saq37,1,2,0,No,0,0,0
gw9saq37,1,2,0,NA,0,0,0
gw9saq37,1,2,0,NA,0,0,0
gwcip5u6,1,4,0,Yes,1,2,2
gwcip5u6,1,4,0,NA,1,2,2
gwcip5u6,1,4,0,NA,1,2,2
gy7rtiwr,1,3,0,No,0,0,0
gy7rtiwr,1,3,0,NA,0,0,0
gy7rtiwr,1,3,0,NA,0,0,0
gyqe0dzc,1,2,0,No,0,0,0
gyqe0dzc,1,2,0,NA,0,0,0
gyqe0dzc,1,2,0,NA,0,0,0
gytfyf53,1,4,0,Yes,1,3,1
gytfyf53,1,4,0,NA,1,3,1
gytfyf53,1,4,0,NA,1,3,1
gzhpshjj,1,4,0,Yes,1,1,1
gzhpshjj,1,4,0,NA,1,1,1
gzhpshjj,1,4,0,NA,1,1,1
h011h2s2,1,1,0,Yes,1,1,1
h011h2s2,1,1,0,NA,1,1,1
h011h2s2,1,1,0,NA,1,1,1
h0hyfdsk,1,1,0,Yes,1,1,1
h0hyfdsk,1,1,0,NA,1,1,1
h0hyfdsk,1,1,0,NA,1,1,1
h0syk4da,1,4,0,Yes,1,2,2
h0syk4da,1,4,0,NA,1,2,2
h0syk4da,1,4,0,NA,1,2,2
h17oqf2p,0,3,1,No,0,0,0
h17oqf2p,0,3,1,NA,0,0,0
h17oqf2p,0,3,1,NA,0,0,0
h1hl2ubw,1,4,0,Yes,1,2,1
h1hl2ubw,1,4,0,NA,1,2,1
h1hl2ubw,1,4,0,NA,1,2,1
h2ouu5k4,1,2,0,Yes,1,1,1
h2ouu5k4,1,2,0,NA,1,1,1
h2ouu5k4,1,2,0,NA,1,1,1
h3av5u6o,1,2,0,Yes,1,1,1
h3av5u6o,1,2,0,NA,1,1,1
h3av5u6o,1,2,0,NA,1,1,1
h439x6fa,1,1,0,Yes,0,2,0
h439x6fa,1,1,0,NA,0,2,0
h439x6fa,1,1,0,NA,0,2,0
h5gtd8hz,1,1,0,No,0,0,0
h5gtd8hz,1,1,0,NA,0,0,0
h5gtd8hz,1,1,0,NA,0,0,0
h66xuxf5,0,4,1,Yes,1,5,2
h66xuxf5,0,4,1,NA,1,5,2
h66xuxf5,0,4,1,NA,1,5,2
h8lgpefp,1,2,0,Yes,1,2,1
h8lgpefp,1,2,0,NA,1,2,1
h8lgpefp,1,2,0,NA,1,2,1
h8m800u1,1,3,0,No,0,0,0
h8m800u1,1,3,0,NA,0,0,0
h8m800u1,1,3,0,NA,0,0,0
ha0qynl8,0,4,1,Yes,0,2,0
ha0qynl8,0,4,1,NA,0,2,0
ha0qynl8,0,4,1,NA,0,2,0
hbfhs6xu,1,4,0,Yes,1,1,1
hbfhs6xu,1,4,0,NA,1,1,1
hbfhs6xu,1,4,0,NA,1,1,1
hbhjfgv0,1,2,0,No,0,0,0
hbhjfgv0,1,2,0,NA,0,0,0
hbhjfgv0,1,2,0,NA,0,0,0
hbs8ogfp,0,4,1,Yes,1,3,3
hbs8ogfp,0,4,1,NA,1,3,3
hbs8ogfp,0,4,1,NA,1,3,3
hcdpfuhi,1,4,0,Yes,1,1,1
hcdpfuhi,1,4,0,NA,1,1,1
hcdpfuhi,1,4,0,NA,1,1,1
hckxph2a,0,1,1,Yes,0,1,0
hckxph2a,0,1,1,NA,0,1,0
hckxph2a,0,1,1,NA,0,1,0
hg9t220d,1,3,0,Yes,1,1,1
hg9t220d,1,3,0,NA,1,1,1
hg9t220d,1,3,0,NA,1,1,1
hgq2buuk,1,3,0,Yes,1,3,2
hgq2buuk,1,3,0,NA,1,3,2
hgq2buuk,1,3,0,NA,1,3,2
hhqyr167,1,2,0,No,0,0,0
hhqyr167,1,2,0,NA,0,0,0
hhqyr167,1,2,0,NA,0,0,0
hj58jwi7,0,4,1,Yes,1,2,2
hj58jwi7,0,4,1,NA,1,2,2
hj58jwi7,0,4,1,NA,1,2,2
hjasgs05,0,1,1,Yes,0,1,0
hjasgs05,0,1,1,NA,0,1,0
hjasgs05,0,1,1,NA,0,1,0
hjgd0pps,1,1,0,Yes,0,1,0
hjgd0pps,1,1,0,NA,0,1,0
hjgd0pps,1,1,0,NA,0,1,0
hjlntqrq,0,3,1,No,0,0,0
hjlntqrq,0,3,1,NA,0,0,0
hjlntqrq,0,3,1,NA,0,0,0
hk5mi1l3,1,4,0,Yes,1,3,3
hk5mi1l3,1,4,0,NA,1,3,3
hk5mi1l3,1,4,0,NA,1,3,3
hmdw0ec3,0,4,1,Yes,1,4,3
hmdw0ec3,0,4,1,NA,1,4,3
hmdw0ec3,0,4,1,NA,1,4,3
hop6v8bx,1,3,0,Yes,1,2,2
hop6v8bx,1,3,0,NA,1,2,2
hop6v8bx,1,3,0,NA,1,2,2
hp9r9ahp,1,2,0,Yes,1,2,1
hp9r9ahp,1,2,0,NA,1,2,1
hp9r9ahp,1,2,0,NA,1,2,1
hqkbdkp5,1,1,0,No,0,0,0
hqkbdkp5,1,1,0,NA,0,0,0
hqkbdkp5,1,1,0,NA,0,0,0
hsslt77t,0,2,1,No,0,0,0
hsslt77t,0,2,1,NA,0,0,0
hsslt77t,0,2,1,NA,0,0,0
hu5fv6jn,0,4,1,No,0,0,0
hu5fv6jn,0,4,1,NA,0,0,0
hu5fv6jn,0,4,1,NA,0,0,0
huqjoozn,0,4,1,Yes,1,2,2
huqjoozn,0,4,1,NA,1,2,2
huqjoozn,0,4,1,NA,1,2,2
hv07zsth,1,2,0,Yes,1,1,1
hv07zsth,1,2,0,NA,1,1,1
hv07zsth,1,2,0,NA,1,1,1
hvcfrp6a,0,4,1,Yes,0,2,0
hvcfrp6a,0,4,1,NA,0,2,0
hvcfrp6a,0,4,1,NA,0,2,0
hvkeurpz,0,3,1,Yes,0,2,0
hvkeurpz,0,3,1,NA,0,2,0
hvkeurpz,0,3,1,NA,0,2,0
hvszee0l,1,4,0,Yes,1,1,1
hvszee0l,1,4,0,NA,1,1,1
hvszee0l,1,4,0,NA,1,1,1
hwk7v39n,0,4,1,No,0,0,0
hwk7v39n,0,4,1,NA,0,0,0
hwk7v39n,0,4,1,NA,0,0,0
hxilu6km,0,4,1,No,0,0,0
hxilu6km,0,4,1,NA,0,0,0
hxilu6km,0,4,1,NA,0,0,0
i3kggtvo,0,3,1,No,0,0,0
i3kggtvo,0,3,1,NA,0,0,0
i3kggtvo,0,3,1,NA,0,0,0
i4igbu6v,1,4,0,Yes,1,1,1
i4igbu6v,1,4,0,NA,1,1,1
i4igbu6v,1,4,0,NA,1,1,1
i4smt1h0,0,4,1,Yes,1,3,1
i4smt1h0,0,4,1,NA,1,3,1
i4smt1h0,0,4,1,NA,1,3,1
i4y6vzk0,1,3,0,No,0,0,0
i4y6vzk0,1,3,0,NA,0,0,0
i4y6vzk0,1,3,0,NA,0,0,0
i9bw4886,1,4,0,Yes,0,2,0
i9bw4886,1,4,0,NA,0,2,0
i9bw4886,1,4,0,NA,0,2,0
i9nvsxk0,1,3,0,Yes,0,1,0
i9nvsxk0,1,3,0,NA,0,1,0
i9nvsxk0,1,3,0,NA,0,1,0
ianm90kw,1,1,0,No,0,0,0
ianm90kw,1,1,0,NA,0,0,0
ianm90kw,1,1,0,NA,0,0,0
ibuy1jy5,1,1,0,No,0,0,0
ibuy1jy5,1,1,0,NA,0,0,0
ibuy1jy5,1,1,0,NA,0,0,0
ic5etbmh,1,2,0,No,0,0,0
ic5etbmh,1,2,0,NA,0,0,0
ic5etbmh,1,2,0,NA,0,0,0
icfyv89k,0,2,1,No,0,0,0
icfyv89k,0,2,1,NA,0,0,0
icfyv89k,0,2,1,NA,0,0,0
ie11ngz1,0,3,1,Yes,1,2,1
ie11ngz1,0,3,1,NA,1,2,1
ie11ngz1,0,3,1,NA,1,2,1
ieshtvsh,1,4,0,Yes,0,1,0
ieshtvsh,1,4,0,NA,0,1,0
ieshtvsh,1,4,0,NA,0,1,0
ifld4a8j,0,1,1,Yes,1,1,1
ifld4a8j,0,1,1,NA,1,1,1
ifld4a8j,0,1,1,NA,1,1,1
iigacqsh,1,4,0,Yes,1,3,1
iigacqsh,1,4,0,NA,1,3,1
iigacqsh,1,4,0,NA,1,3,1
ij01rjc0,0,4,1,No,0,0,0
ij01rjc0,0,4,1,NA,0,0,0
ij01rjc0,0,4,1,NA,0,0,0
ij10acx2,0,4,1,Yes,1,3,1
ij10acx2,0,4,1,NA,1,3,1
ij10acx2,0,4,1,NA,1,3,1
ijdav5js,1,3,0,Yes,1,3,2
ijdav5js,1,3,0,NA,1,3,2
ijdav5js,1,3,0,NA,1,3,2
ijggwjk1,0,4,1,Yes,1,2,2
ijggwjk1,0,4,1,NA,1,2,2
ijggwjk1,0,4,1,NA,1,2,2
ijyat6bk,1,4,0,No,0,0,0
ijyat6bk,1,4,0,NA,0,0,0
ijyat6bk,1,4,0,NA,0,0,0
il4c8jrf,0,4,1,No,0,0,0
il4c8jrf,0,4,1,NA,0,0,0
il4c8jrf,0,4,1,NA,0,0,0
io8xa9l0,1,3,0,Yes,0,2,0
io8xa9l0,1,3,0,NA,0,2,0
io8xa9l0,1,3,0,NA,0,2,0
ioicqqy8,1,3,0,Yes,1,2,2
ioicqqy8,1,3,0,NA,1,2,2
ioicqqy8,1,3,0,NA,1,2,2
ioygjcbg,1,2,0,Yes,0,1,0
ioygjcbg,1,2,0,NA,0,1,0
ioygjcbg,1,2,0,NA,0,1,0
ipc5v0p7,1,3,0,No,0,0,0
ipc5v0p7,1,3,0,NA,0,0,0
ipc5v0p7,1,3,0,NA,0,0,0
ipwsdp5r,0,4,1,Yes,0,1,0
ipwsdp5r,0,4,1,NA,0,1,0
ipwsdp5r,0,4,1,NA,0,1,0
iqcmrjt3,1,3,0,No,0,0,0
iqcmrjt3,1,3,0,NA,0,0,0
iqcmrjt3,1,3,0,NA,0,0,0
is4az0w7,0,1,1,No,0,0,0
is4az0w7,0,1,1,NA,0,0,0
is4az0w7,0,1,1,NA,0,0,0
it6ghj7h,0,3,1,Yes,1,1,1
it6ghj7h,0,3,1,NA,1,1,1
it6ghj7h,0,3,1,NA,1,1,1
itccgygd,0,3,1,No,0,0,0
itccgygd,0,3,1,NA,0,0,0
itccgygd,0,3,1,NA,0,0,0
itfgntjc,1,2,0,Yes,0,2,0
itfgntjc,1,2,0,NA,0,2,0
itfgntjc,1,2,0,NA,0,2,0
iu0k20f3,0,3,1,No,0,0,0
iu0k20f3,0,3,1,NA,0,0,0
iu0k20f3,0,3,1,NA,0,0,0
iuyzw49z,1,1,0,No,0,0,0
iuyzw49z,1,1,0,NA,0,0,0
iuyzw49z,1,1,0,NA,0,0,0
ivv0ir05,1,4,0,Yes,1,4,3
ivv0ir05,1,4,0,NA,1,4,3
ivv0ir05,1,4,0,NA,1,4,3
ix3nm5vf,1,3,0,Yes,1,1,1
ix3nm5vf,1,3,0,NA,1,1,1
ix3nm5vf,1,3,0,NA,1,1,1
iy0g3nou,1,3,0,No,0,0,0
iy0g3nou,1,3,0,NA,0,0,0
iy0g3nou,1,3,0,NA,0,0,0
iybq67yc,1,4,0,No,0,0,0
iybq67yc,1,4,0,NA,0,0,0
iybq67yc,1,4,0,NA,0,0,0
iyuytu9y,1,3,0,Yes,1,2,2
iyuytu9y,1,3,0,NA,1,2,2
iyuytu9y,1,3,0,NA,1,2,2
iz5vvkq2,1,1,0,Yes,1,2,1
iz5vvkq2,1,1,0,NA,1,2,1
iz5vvkq2,1,1,0,NA,1,2,1
izw10uez,1,3,0,No,0,0,0
izw10uez,1,3,0,NA,0,0,0
izw10uez,1,3,0,NA,0,0,0
izyw28am,1,1,0,No,0,0,0
izyw28am,1,1,0,NA,0,0,0
izyw28am,1,1,0,NA,0,0,0
j23r90va,1,3,0,Yes,1,1,1
j23r90va,1,3,0,NA,1,1,1
j23r90va,1,3,0,NA,1,1,1
j2jez397,0,3,1,Yes,0,3,0
j2jez397,0,3,1,NA,0,3,0
j2jez397,0,3,1,NA,0,3,0
j2x528m6,1,3,0,Yes,1,2,1
j2x528m6,1,3,0,NA,1,2,1
j2x528m6,1,3,0,NA,1,2,1
j5b31awf,0,2,1,Yes,0,1,0
j5b31awf,0,2,1,NA,0,1,0
j5b31awf,0,2,1,NA,0,1,0
j6qt87wf,1,2,0,Yes,0,1,0
j6qt87wf,1,2,0,NA,0,1,0
j6qt87wf,1,2,0,NA,0,1,0
j7jx49ns,0,1,1,Yes,0,1,0
j7jx49ns,0,1,1,NA,0,1,0
j7jx49ns,0,1,1,NA,0,1,0
j91e8c8e,1,1,0,Yes,0,1,0
j91e8c8e,1,1,0,NA,0,1,0
j91e8c8e,1,1,0,NA,0,1,0
j9kokrc8,1,2,0,No,0,0,0
j9kokrc8,1,2,0,NA,0,0,0
j9kokrc8,1,2,0,NA,0,0,0
ja1ycqso,1,2,0,No,0,0,0
ja1ycqso,1,2,0,NA,0,0,0
ja1ycqso,1,2,0,NA,0,0,0
jazle4sc,0,4,1,No,0,0,0
jazle4sc,0,4,1,NA,0,0,0
jazle4sc,0,4,1,NA,0,0,0
jboy4d01,1,1,0,Yes,0,1,0
jboy4d01,1,1,0,NA,0,1,0
jboy4d01,1,1,0,NA,0,1,0
jcrgw9mr,0,3,1,Yes,1,5,2
jcrgw9mr,0,3,1,NA,1,5,2
jcrgw9mr,0,3,1,NA,1,5,2
jdsbifr6,1,4,0,No,0,0,0
jdsbifr6,1,4,0,NA,0,0,0
jdsbifr6,1,4,0,NA,0,0,0
jdscmw93,1,2,0,Yes,0,5,0
jdscmw93,1,2,0,NA,0,5,0
jdscmw93,1,2,0,NA,0,5,0
jeb55jna,1,3,0,Yes,1,2,2
jeb55jna,1,3,0,NA,1,2,2
jeb55jna,1,3,0,NA,1,2,2
jfc85o5w,1,2,0,Yes,0,2,0
jfc85o5w,1,2,0,NA,0,2,0
jfc85o5w,1,2,0,NA,0,2,0
jfuhl9cc,0,1,1,Yes,0,5,0
jfuhl9cc,0,1,1,NA,0,5,0
jfuhl9cc,0,1,1,NA,0,5,0
jjavdi9k,0,1,1,No,0,0,0
jjavdi9k,0,1,1,NA,0,0,0
jjavdi9k,0,1,1,NA,0,0,0
jjwm08hi,1,4,0,Yes,1,1,1
jjwm08hi,1,4,0,NA,1,1,1
jjwm08hi,1,4,0,NA,1,1,1
jla9imc3,0,2,1,No,0,0,0
jla9imc3,0,2,1,NA,0,0,0
jla9imc3,0,2,1,NA,0,0,0
jmbmuhbp,0,4,1,No,0,0,0
jmbmuhbp,0,4,1,NA,0,0,0
jmbmuhbp,0,4,1,NA,0,0,0
jmq08to0,1,1,0,Yes,0,1,0
jmq08to0,1,1,0,NA,0,1,0
jmq08to0,1,1,0,NA,0,1,0
jmvdv5f7,1,1,0,No,0,0,0
jmvdv5f7,1,1,0,NA,0,0,0
jmvdv5f7,1,1,0,NA,0,0,0
jpt7i234,1,1,0,No,0,0,0
jpt7i234,1,1,0,NA,0,0,0
jpt7i234,1,1,0,NA,0,0,0
jqipwetq,1,3,0,Yes,0,2,0
jqipwetq,1,3,0,NA,0,2,0
jqipwetq,1,3,0,NA,0,2,0
jsybesdr,1,3,0,Yes,0,1,0
jsybesdr,1,3,0,NA,0,1,0
jsybesdr,1,3,0,NA,0,1,0
jt79wnwi,1,4,0,Yes,1,2,1
jt79wnwi,1,4,0,NA,1,2,1
jt79wnwi,1,4,0,NA,1,2,1
jtdfo0a9,1,2,0,No,0,0,0
jtdfo0a9,1,2,0,NA,0,0,0
jtdfo0a9,1,2,0,NA,0,0,0
jtt8vl52,1,3,0,No,0,0,0
jtt8vl52,1,3,0,NA,0,0,0
jtt8vl52,1,3,0,NA,0,0,0
jugd5bji,1,3,0,Yes,1,1,1
jugd5bji,1,3,0,NA,1,1,1
jugd5bji,1,3,0,NA,1,1,1
jvelc4h3,1,4,0,Yes,0,1,0
jvelc4h3,1,4,0,NA,0,1,0
jvelc4h3,1,4,0,NA,0,1,0
jwoyzc6e,1,4,0,No,0,0,0
jwoyzc6e,1,4,0,NA,0,0,0
jwoyzc6e,1,4,0,NA,0,0,0
jxi9ws2c,1,1,0,No,0,0,0
jxi9ws2c,1,1,0,NA,0,0,0
jxi9ws2c,1,1,0,NA,0,0,0
k16mi8c8,0,3,1,No,0,0,0
k16mi8c8,0,3,1,NA,0,0,0
k16mi8c8,0,3,1,NA,0,0,0
k2avakw5,1,2,0,Yes,1,4,1
k2avakw5,1,2,0,NA,1,4,1
k2avakw5,1,2,0,NA,1,4,1
k34k06kd,1,3,0,Yes,1,3,3
k34k06kd,1,3,0,NA,1,3,3
k34k06kd,1,3,0,NA,1,3,3
k36xtvh9,0,1,1,No,0,0,0
k36xtvh9,0,1,1,NA,0,0,0
k36xtvh9,0,1,1,NA,0,0,0
k3blp91z,1,4,0,Yes,1,1,1
k3blp91z,1,4,0,NA,1,1,1
k3blp91z,1,4,0,NA,1,1,1
k5hzc93f,1,4,0,Yes,1,1,1
k5hzc93f,1,4,0,NA,1,1,1
k5hzc93f,1,4,0,NA,1,1,1
k62vhpsp,1,3,0,Yes,1,3,1
k62vhpsp,1,3,0,NA,1,3,1
k62vhpsp,1,3,0,NA,1,3,1
k6w21q1b,0,2,1,Yes,1,1,1
k6w21q1b,0,2,1,NA,1,1,1
k6w21q1b,0,2,1,NA,1,1,1
k8t7w8gn,0,2,1,Yes,1,2,1
k8t7w8gn,0,2,1,NA,1,2,1
k8t7w8gn,0,2,1,NA,1,2,1
k9reaati,0,4,1,Yes,1,4,1
k9reaati,0,4,1,NA,1,4,1
k9reaati,0,4,1,NA,1,4,1
kaozqe76,1,1,0,No,0,0,0
kaozqe76,1,1,0,NA,0,0,0
kaozqe76,1,1,0,NA,0,0,0
kc3uwnhk,1,1,0,No,0,0,0
kc3uwnhk,1,1,0,NA,0,0,0
kc3uwnhk,1,1,0,NA,0,0,0
kcs0uhif,1,4,0,No,0,0,0
kcs0uhif,1,4,0,NA,0,0,0
kcs0uhif,1,4,0,NA,0,0,0
kd1ijsza,0,4,1,Yes,1,5,1
kd1ijsza,0,4,1,NA,1,5,1
kd1ijsza,0,4,1,NA,1,5,1
kepplfdo,1,1,0,Yes,1,1,1
kepplfdo,1,1,0,NA,1,1,1
kepplfdo,1,1,0,NA,1,1,1
kfk606ma,1,3,0,Yes,0,2,0
kfk606ma,1,3,0,NA,0,2,0
kfk606ma,1,3,0,NA,0,2,0
kg851c2g,1,4,0,No,0,0,0
kg851c2g,1,4,0,NA,0,0,0
kg851c2g,1,4,0,NA,0,0,0
kht1vp2g,1,3,0,Yes,1,1,1
kht1vp2g,1,3,0,NA,1,1,1
kht1vp2g,1,3,0,NA,1,1,1
ki9agxp7,1,4,0,No,0,0,0
ki9agxp7,1,4,0,NA,0,0,0
ki9agxp7,1,4,0,NA,0,0,0
kibmb13d,0,4,1,No,0,0,0
kibmb13d,0,4,1,NA,0,0,0
kibmb13d,0,4,1,NA,0,0,0
kiny3qop,1,2,0,Yes,0,2,0
kiny3qop,1,2,0,NA,0,2,0
kiny3qop,1,2,0,NA,0,2,0
kiobaatv,0,2,1,No,0,0,0
kiobaatv,0,2,1,NA,0,0,0
kiobaatv,0,2,1,NA,0,0,0
kisi38rg,1,4,0,No,0,0,0
kisi38rg,1,4,0,NA,0,0,0
kisi38rg,1,4,0,NA,0,0,0
kkbuyufy,0,2,1,Yes,1,2,1
kkbuyufy,0,2,1,NA,1,2,1
kkbuyufy,0,2,1,NA,1,2,1
kkg5rw3j,1,3,0,No,0,0,0
kkg5rw3j,1,3,0,NA,0,0,0
kkg5rw3j,1,3,0,NA,0,0,0
kkli84xc,0,1,1,No,0,0,0
kkli84xc,0,1,1,NA,0,0,0
kkli84xc,0,1,1,NA,0,0,0
kmlhy2yv,1,3,0,No,0,0,0
kmlhy2yv,1,3,0,NA,0,0,0
kmlhy2yv,1,3,0,NA,0,0,0
kn3i5jdz,1,4,0,No,0,0,0
kn3i5jdz,1,4,0,NA,0,0,0
kn3i5jdz,1,4,0,NA,0,0,0
kn7gkcv6,0,3,1,Yes,1,5,3
kn7gkcv6,0,3,1,NA,1,5,3
kn7gkcv6,0,3,1,NA,1,5,3
ko3rlzry,1,2,0,Yes,1,1,1
ko3rlzry,1,2,0,NA,1,1,1
ko3rlzry,1,2,0,NA,1,1,1
ko7tsvli,1,4,0,Yes,1,2,2
ko7tsvli,1,4,0,NA,1,2,2
ko7tsvli,1,4,0,NA,1,2,2
kof4kzun,0,1,1,No,0,0,0
kof4kzun,0,1,1,NA,0,0,0
kof4kzun,0,1,1,NA,0,0,0
koyux1m1,1,2,0,Yes,1,1,1
koyux1m1,1,2,0,NA,1,1,1
koyux1m1,1,2,0,NA,1,1,1
krd05d5o,0,3,1,No,0,0,0
krd05d5o,0,3,1,NA,0,0,0
krd05d5o,0,3,1,NA,0,0,0
krq2gk1l,0,3,1,Yes,1,1,1
krq2gk1l,0,3,1,NA,1,1,1
krq2gk1l,0,3,1,NA,1,1,1
ksoec3us,0,3,1,Yes,1,2,1
ksoec3us,0,3,1,NA,1,2,1
ksoec3us,0,3,1,NA,1,2,1
ksq11v6j,1,1,0,Yes,1,2,2
ksq11v6j,1,1,0,NA,1,2,2
ksq11v6j,1,1,0,NA,1,2,2
ktetc9j7,1,2,0,Yes,1,4,1
ktetc9j7,1,2,0,NA,1,4,1
ktetc9j7,1,2,0,NA,1,4,1
ktn5f3fh,1,2,0,Yes,1,1,1
ktn5f3fh,1,2,0,NA,1,1,1
ktn5f3fh,1,2,0,NA,1,1,1
ku3j18js,0,3,1,No,0,0,0
ku3j18js,0,3,1,NA,0,0,0
ku3j18js,0,3,1,NA,0,0,0
kuoyzvvt,0,1,1,No,0,0,0
kuoyzvvt,0,1,1,NA,0,0,0
kuoyzvvt,0,1,1,NA,0,0,0
kvo5eg7j,1,4,0,Yes,1,3,1
kvo5eg7j,1,4,0,NA,1,3,1
kvo5eg7j,1,4,0,NA,1,3,1
kxkvv3n5,1,1,0,Yes,0,1,0
kxkvv3n5,1,1,0,NA,0,1,0
kxkvv3n5,1,1,0,NA,0,1,0
ky9xqppb,1,1,0,Yes,1,1,1
ky9xqppb,1,1,0,NA,1,1,1
ky9xqppb,1,1,0,NA,1,1,1
kzm7ke70,0,4,1,Yes,1,1,1
kzm7ke70,0,4,1,NA,1,1,1
kzm7ke70,0,4,1,NA,1,1,1
l2f9mop0,0,2,1,Yes,0,1,0
l2f9mop0,0,2,1,NA,0,1,0
l2f9mop0,0,2,1,NA,0,1,0
l2t88kvg,1,4,0,Yes,1,3,1
l2t88kvg,1,4,0,NA,1,3,1
l2t88kvg,1,4,0,NA,1,3,1
l2z0yw1v,1,1,0,No,0,0,0
l2z0yw1v,1,1,0,NA,0,0,0
l2z0yw1v,1,1,0,NA,0,0,0
l33ar7ob,1,1,0,Yes,0,1,0
l33ar7ob,1,1,0,NA,0,1,0
l33ar7ob,1,1,0,NA,0,1,0
l3uhb4qu,1,4,0,Yes,1,3,2
l3uhb4qu,1,4,0,NA,1,3,2
l3uhb4qu,1,4,0,NA,1,3,2
l72rthro,1,3,0,No,0,0,0
l72rthro,1,3,0,NA,0,0,0
l72rthro,1,3,0,NA,0,0,0
l7qeuqy1,0,3,1,Yes,1,4,2
l7qeuqy1,0,3,1,NA,1,4,2
l7qeuqy1,0,3,1,NA,1,4,2
l8mykp4g,1,3,0,Yes,0,1,0
l8mykp4g,1,3,0,NA,0,1,0
l8mykp4g,1,3,0,NA,0,1,0
l9jvce5o,1,3,0,No,0,0,0
l9jvce5o,1,3,0,NA,0,0,0
l9jvce5o,1,3,0,NA,0,0,0
l9kom9no,1,2,0,Yes,0,1,0
l9kom9no,1,2,0,NA,0,1,0
l9kom9no,1,2,0,NA,0,1,0
lajxsrx4,0,4,1,Yes,1,5,2
lajxsrx4,0,4,1,NA,1,5,2
lajxsrx4,0,4,1,NA,1,5,2
lamd4pkc,1,3,0,Yes,1,3,1
lamd4pkc,1,3,0,NA,1,3,1
lamd4pkc,1,3,0,NA,1,3,1
laztxm9m,0,1,1,No,0,0,0
laztxm9m,0,1,1,NA,0,0,0
laztxm9m,0,1,1,NA,0,0,0
lb2hk5eg,0,4,1,No,0,0,0
lb2hk5eg,0,4,1,NA,0,0,0
lb2hk5eg,0,4,1,NA,0,0,0
lbiw2g19,1,3,0,Yes,1,4,1
lbiw2g19,1,3,0,NA,1,4,1
lbiw2g19,1,3,0,NA,1,4,1
lbol3bzj,1,1,0,No,0,0,0
lbol3bzj,1,1,0,NA,0,0,0
lbol3bzj,1,1,0,NA,0,0,0
lea1tmaa,0,4,1,Yes,0,3,0
lea1tmaa,0,4,1,NA,0,3,0
lea1tmaa,0,4,1,NA,0,3,0
lffrrfmt,0,3,1,Yes,1,1,1
lffrrfmt,0,3,1,NA,1,1,1
lffrrfmt,0,3,1,NA,1,1,1
lir7ysa2,1,2,0,Yes,1,1,1
lir7ysa2,1,2,0,NA,1,1,1
lir7ysa2,1,2,0,NA,1,1,1
ljq0plxo,0,4,1,No,0,0,0
ljq0plxo,0,4,1,NA,0,0,0
ljq0plxo,0,4,1,NA,0,0,0
lljxlo5u,1,2,0,Yes,1,2,1
lljxlo5u,1,2,0,NA,1,2,1
lljxlo5u,1,2,0,NA,1,2,1
lll1tbnd,1,3,0,Yes,0,1,0
lll1tbnd,1,3,0,NA,0,1,0
lll1tbnd,1,3,0,NA,0,1,0
lmqmcr86,1,3,0,Yes,0,1,0
lmqmcr86,1,3,0,NA,0,1,0
lmqmcr86,1,3,0,NA,0,1,0
ln0oyg5t,0,1,1,No,0,0,0
ln0oyg5t,0,1,1,NA,0,0,0
ln0oyg5t,0,1,1,NA,0,0,0
lol50nvp,1,3,0,Yes,1,1,1
lol50nvp,1,3,0,NA,1,1,1
lol50nvp,1,3,0,NA,1,1,1
lpfa9tbd,1,3,0,Yes,1,1,1
lpfa9tbd,1,3,0,NA,1,1,1
lpfa9tbd,1,3,0,NA,1,1,1
lr7hph88,1,2,0,No,0,0,0
lr7hph88,1,2,0,NA,0,0,0
lr7hph88,1,2,0,NA,0,0,0
lr9p6so6,1,3,0,Yes,1,2,1
lr9p6so6,1,3,0,NA,1,2,1
lr9p6so6,1,3,0,NA,1,2,1
lsye7zm3,0,2,1,Yes,0,1,0
lsye7zm3,0,2,1,NA,0,1,0
lsye7zm3,0,2,1,NA,0,1,0
luqmms9m,0,1,1,No,0,0,0
luqmms9m,0,1,1,NA,0,0,0
luqmms9m,0,1,1,NA,0,0,0
luxtnkkx,1,3,0,Yes,1,1,1
luxtnkkx,1,3,0,NA,1,1,1
luxtnkkx,1,3,0,NA,1,1,1
lvchsnhp,1,4,0,No,0,0,0
lvchsnhp,1,4,0,NA,0,0,0
lvchsnhp,1,4,0,NA,0,0,0
lvpmbm8z,1,2,0,Yes,0,1,0
lvpmbm8z,1,2,0,NA,0,1,0
lvpmbm8z,1,2,0,NA,0,1,0
lxon5zot,1,4,0,Yes,1,2,1
lxon5zot,1,4,0,NA,1,2,1
lxon5zot,1,4,0,NA,1,2,1
lzxpdil5,1,2,0,Yes,0,1,0
lzxpdil5,1,2,0,NA,0,1,0
lzxpdil5,1,2,0,NA,0,1,0
lzy7bkkl,1,3,0,Yes,1,1,1
lzy7bkkl,1,3,0,NA,1,1,1
lzy7bkkl,1,3,0,NA,1,1,1
m13q4x3r,0,2,1,Yes,0,1,0
m13q4x3r,0,2,1,NA,0,1,0
m13q4x3r,0,2,1,NA,0,1,0
m1s69iqt,0,3,1,Yes,1,1,1
m1s69iqt,0,3,1,NA,1,1,1
m1s69iqt,0,3,1,NA,1,1,1
m2vm6nzk,1,1,0,No,0,0,0
m2vm6nzk,1,1,0,NA,0,0,0
m2vm6nzk,1,1,0,NA,0,0,0
m4qd3w7q,1,3,0,Yes,0,1,0
m4qd3w7q,1,3,0,NA,0,1,0
m4qd3w7q,1,3,0,NA,0,1,0
m6iti31k,0,4,1,Yes,1,5,3
m6iti31k,0,4,1,NA,1,5,3
m6iti31k,0,4,1,NA,1,5,3
m6sdca6u,1,1,0,Yes,0,1,0
m6sdca6u,1,1,0,NA,0,1,0
m6sdca6u,1,1,0,NA,0,1,0
m8kbiwfn,1,1,0,Yes,1,1,1
m8kbiwfn,1,1,0,NA,1,1,1
m8kbiwfn,1,1,0,NA,1,1,1
mdh2c377,1,2,0,Yes,0,1,0
mdh2c377,1,2,0,NA,0,1,0
mdh2c377,1,2,0,NA,0,1,0
mdpdlkfa,1,3,0,Yes,1,1,1
mdpdlkfa,1,3,0,NA,1,1,1
mdpdlkfa,1,3,0,NA,1,1,1
mdzmn8t2,0,3,1,Yes,1,2,1
mdzmn8t2,0,3,1,NA,1,2,1
mdzmn8t2,0,3,1,NA,1,2,1
meculhpp,0,2,1,Yes,1,1,1
meculhpp,0,2,1,NA,1,1,1
meculhpp,0,2,1,NA,1,1,1
mft3igeb,1,4,0,No,0,0,0
mft3igeb,1,4,0,NA,0,0,0
mft3igeb,1,4,0,NA,0,0,0
mgqt2hhi,1,2,0,No,0,0,0
mgqt2hhi,1,2,0,NA,0,0,0
mgqt2hhi,1,2,0,NA,0,0,0
mh9v4q9x,1,2,0,Yes,0,1,0
mh9v4q9x,1,2,0,NA,0,1,0
mh9v4q9x,1,2,0,NA,0,1,0
mhl8eo0v,0,3,1,No,0,0,0
mhl8eo0v,0,3,1,NA,0,0,0
mhl8eo0v,0,3,1,NA,0,0,0
mjjhgpst,1,4,0,No,0,0,0
mjjhgpst,1,4,0,NA,0,0,0
mjjhgpst,1,4,0,NA,0,0,0
mk5arpaq,1,1,0,Yes,1,1,1
mk5arpaq,1,1,0,NA,1,1,1
mk5arpaq,1,1,0,NA,1,1,1
mkwmtvq4,1,1,0,Yes,1,4,2
mkwmtvq4,1,1,0,NA,1,4,2
mkwmtvq4,1,1,0,NA,1,4,2
mkyvi2v5,0,2,1,Yes,1,5,3
mkyvi2v5,0,2,1,NA,1,5,3
mkyvi2v5,0,2,1,NA,1,5,3
ml6t5m2x,1,2,0,Yes,1,2,2
ml6t5m2x,1,2,0,NA,1,2,2
ml6t5m2x,1,2,0,NA,1,2,2
mnrqpxun,1,2,0,No,0,0,0
mnrqpxun,1,2,0,NA,0,0,0
mnrqpxun,1,2,0,NA,0,0,0
mp1i8175,1,2,0,Yes,1,2,1
mp1i8175,1,2,0,NA,1,2,1
mp1i8175,1,2,0,NA,1,2,1
mpe8gmcq,1,3,0,No,0,0,0
mpe8gmcq,1,3,0,NA,0,0,0
mpe8gmcq,1,3,0,NA,0,0,0
mpqvmr74,0,4,1,Yes,1,2,2
mpqvmr74,0,4,1,NA,1,2,2
mpqvmr74,0,4,1,NA,1,2,2
mpuadfvw,1,3,0,Yes,1,2,2
mpuadfvw,1,3,0,NA,1,2,2
mpuadfvw,1,3,0,NA,1,2,2
ms2hg51u,1,3,0,No,0,0,0
ms2hg51u,1,3,0,NA,0,0,0
ms2hg51u,1,3,0,NA,0,0,0
msvorm15,0,4,1,No,0,0,0
msvorm15,0,4,1,NA,0,0,0
msvorm15,0,4,1,NA,0,0,0
mt7hop17,1,2,0,No,0,0,0
mt7hop17,1,2,0,NA,0,0,0
mt7hop17,1,2,0,NA,0,0,0
mtg0yskx,1,1,0,No,0,0,0
mtg0yskx,1,1,0,NA,0,0,0
mtg0yskx,1,1,0,NA,0,0,0
mtpz0366,0,3,1,Yes,1,1,1
mtpz0366,0,3,1,NA,1,1,1
mtpz0366,0,3,1,NA,1,1,1
mtu9yt7y,0,3,1,Yes,0,1,0
mtu9yt7y,0,3,1,NA,0,1,0
mtu9yt7y,0,3,1,NA,0,1,0
mtyfzsbf,0,2,1,Yes,1,3,1
mtyfzsbf,0,2,1,NA,1,3,1
mtyfzsbf,0,2,1,NA,1,3,1
mu6pxau9,1,3,0,Yes,1,2,1
mu6pxau9,1,3,0,NA,1,2,1
mu6pxau9,1,3,0,NA,1,2,1
mua8346k,0,3,1,Yes,1,1,1
mua8346k,0,3,1,NA,1,1,1
mua8346k,0,3,1,NA,1,1,1
mvtv1atj,0,3,1,Yes,1,5,3
mvtv1atj,0,3,1,NA,1,5,3
mvtv1atj,0,3,1,NA,1,5,3
mws0wgz8,0,2,1,Yes,1,3,3
mws0wgz8,0,2,1,NA,1,3,3
mws0wgz8,0,2,1,NA,1,3,3
mx75fm5t,0,1,1,No,0,0,0
mx75fm5t,0,1,1,NA,0,0,0
mx75fm5t,0,1,1,NA,0,0,0
mzuq10tt,1,4,0,No,0,0,0
mzuq10tt,1,4,0,NA,0,0,0
mzuq10tt,1,4,0,NA,0,0,0
n1r5yp3w,0,3,1,Yes,1,1,1
n1r5yp3w,0,3,1,NA,1,1,1
n1r5yp3w,0,3,1,NA,1,1,1
n2qzyj13,0,2,1,Yes,1,1,1
n2qzyj13,0,2,1,NA,1,1,1
n2qzyj13,0,2,1,NA,1,1,1
n302du2m,0,4,1,Yes,1,1,1
n302du2m,0,4,1,NA,1,1,1
n302du2m,0,4,1,NA,1,1,1
n30ogmd3,1,1,0,Yes,1,2,1
n30ogmd3,1,1,0,NA,1,2,1
n30ogmd3,1,1,0,NA,1,2,1
n3ydvg1k,1,2,0,Yes,1,1,1
n3ydvg1k,1,2,0,NA,1,1,1
n3ydvg1k,1,2,0,NA,1,1,1
n40for79,1,1,0,No,0,0,0
n40for79,1,1,0,NA,0,0,0
n40for79,1,1,0,NA,0,0,0
n53r1i44,1,1,0,No,0,0,0
n53r1i44,1,1,0,NA,0,0,0
n53r1i44,1,1,0,NA,0,0,0
n6dk4wgy,0,2,1,Yes,1,1,1
n6dk4wgy,0,2,1,NA,1,1,1
n6dk4wgy,0,2,1,NA,1,1,1
n91jzdf4,0,4,1,Yes,1,3,1
n91jzdf4,0,4,1,NA,1,3,1
n91jzdf4,0,4,1,NA,1,3,1
nak6lwod,0,1,1,Yes,1,1,1
nak6lwod,0,1,1,NA,1,1,1
nak6lwod,0,1,1,NA,1,1,1
nb635ex9,0,2,1,Yes,0,2,0
nb635ex9,0,2,1,NA,0,2,0
nb635ex9,0,2,1,NA,0,2,0
ncw1x62t,1,3,0,Yes,1,2,2
ncw1x62t,1,3,0,NA,1,2,2
ncw1x62t,1,3,0,NA,1,2,2
ndwi1aum,1,3,0,Yes,1,1,1
ndwi1aum,1,3,0,NA,1,1,1
ndwi1aum,1,3,0,NA,1,1,1
nfavo4hh,1,2,0,Yes,0,2,0
nfavo4hh,1,2,0,NA,0,2,0
nfavo4hh,1,2,0,NA,0,2,0
nffda4zi,0,1,1,No,0,0,0
nffda4zi,0,1,1,NA,0,0,0
nffda4zi,0,1,1,NA,0,0,0
ngxa33rh,1,2,0,No,0,0,0
ngxa33rh,1,2,0,NA,0,0,0
ngxa33rh,1,2,0,NA,0,0,0
nh49p2ov,0,2,1,Yes,0,2,0
nh49p2ov,0,2,1,NA,0,2,0
nh49p2ov,0,2,1,NA,0,2,0
nlsng72y,1,2,0,No,0,0,0
nlsng72y,1,2,0,NA,0,0,0
nlsng72y,1,2,0,NA,0,0,0
nmd6sft4,1,3,0,No,0,0,0
nmd6sft4,1,3,0,NA,0,0,0
nmd6sft4,1,3,0,NA,0,0,0
nmf4hn40,1,4,0,Yes,1,1,1
nmf4hn40,1,4,0,NA,1,1,1
nmf4hn40,1,4,0,NA,1,1,1
nmm26u74,1,2,0,No,0,0,0
nmm26u74,1,2,0,NA,0,0,0
nmm26u74,1,2,0,NA,0,0,0
nogct6zi,1,1,0,No,0,0,0
nogct6zi,1,1,0,NA,0,0,0
nogct6zi,1,1,0,NA,0,0,0
nq74hor5,0,1,1,No,0,0,0
nq74hor5,0,1,1,NA,0,0,0
nq74hor5,0,1,1,NA,0,0,0
nqq3xzhl,0,1,1,No,0,0,0
nqq3xzhl,0,1,1,NA,0,0,0
nqq3xzhl,0,1,1,NA,0,0,0
nqqpnmlg,1,4,0,Yes,1,1,1
nqqpnmlg,1,4,0,NA,1,1,1
nqqpnmlg,1,4,0,NA,1,1,1
nrs6nk90,0,1,1,Yes,0,1,0
nrs6nk90,0,1,1,NA,0,1,0
nrs6nk90,0,1,1,NA,0,1,0
ns9co74m,1,1,0,Yes,0,1,0
ns9co74m,1,1,0,NA,0,1,0
ns9co74m,1,1,0,NA,0,1,0
nshadhme,0,2,1,Yes,0,1,0
nshadhme,0,2,1,NA,0,1,0
nshadhme,0,2,1,NA,0,1,0
nt604qy9,1,1,0,Yes,1,2,1
nt604qy9,1,1,0,NA,1,2,1
nt604qy9,1,1,0,NA,1,2,1
nuloq11y,0,2,1,Yes,0,1,0
nuloq11y,0,2,1,NA,0,1,0
nuloq11y,0,2,1,NA,0,1,0
nvpue6d2,1,1,0,No,0,0,0
nvpue6d2,1,1,0,NA,0,0,0
nvpue6d2,1,1,0,NA,0,0,0
nvymfq94,0,3,1,Yes,1,1,1
nvymfq94,0,3,1,NA,1,1,1
nvymfq94,0,3,1,NA,1,1,1
nwyqps43,1,3,0,Yes,0,1,0
nwyqps43,1,3,0,NA,0,1,0
nwyqps43,1,3,0,NA,0,1,0
nxr53xj5,1,3,0,No,0,0,0
nxr53xj5,1,3,0,NA,0,0,0
nxr53xj5,1,3,0,NA,0,0,0
o0wikbnw,1,3,0,No,0,0,0
o0wikbnw,1,3,0,NA,0,0,0
o0wikbnw,1,3,0,NA,0,0,0
o4hkx6d8,1,3,0,No,0,0,0
o4hkx6d8,1,3,0,NA,0,0,0
o4hkx6d8,1,3,0,NA,0,0,0
o4xvpgkl,1,1,0,No,0,0,0
o4xvpgkl,1,1,0,NA,0,0,0
o4xvpgkl,1,1,0,NA,0,0,0
o5nnyp7z,1,1,0,No,0,0,0
o5nnyp7z,1,1,0,NA,0,0,0
o5nnyp7z,1,1,0,NA,0,0,0
o87um7h5,0,2,1,Yes,0,2,0
o87um7h5,0,2,1,NA,0,2,0
o87um7h5,0,2,1,NA,0,2,0
o90u61yk,1,2,0,No,0,0,0
o90u61yk,1,2,0,NA,0,0,0
o90u61yk,1,2,0,NA,0,0,0
oaedbkvp,1,2,0,No,0,0,0
oaedbkvp,1,2,0,NA,0,0,0
oaedbkvp,1,2,0,NA,0,0,0
oaw4jcse,1,4,0,No,0,0,0
oaw4jcse,1,4,0,NA,0,0,0
oaw4jcse,1,4,0,NA,0,0,0
obtdi0oh,0,4,1,Yes,1,4,3
obtdi0oh,0,4,1,NA,1,4,3
obtdi0oh,0,4,1,NA,1,4,3
oc1fash1,0,2,1,Yes,1,2,1
oc1fash1,0,2,1,NA,1,2,1
oc1fash1,0,2,1,NA,1,2,1
oc7nsd1p,1,1,0,Yes,0,2,0
oc7nsd1p,1,1,0,NA,0,2,0
oc7nsd1p,1,1,0,NA,0,2,0
ocmrgunj,1,4,0,Yes,0,1,0
ocmrgunj,1,4,0,NA,0,1,0
ocmrgunj,1,4,0,NA,0,1,0
odcmxcuo,1,4,0,No,0,0,0
odcmxcuo,1,4,0,NA,0,0,0
odcmxcuo,1,4,0,NA,0,0,0
oe0q8zez,1,2,0,Yes,1,2,1
oe0q8zez,1,2,0,NA,1,2,1
oe0q8zez,1,2,0,NA,1,2,1
oexsn40q,1,1,0,No,0,0,0
oexsn40q,1,1,0,NA,0,0,0
oexsn40q,1,1,0,NA,0,0,0
og5jckjw,0,3,1,Yes,1,5,3
og5jckjw,0,3,1,NA,1,5,3
og5jckjw,0,3,1,NA,1,5,3
oh5gfvbn,1,2,0,No,0,0,0
oh5gfvbn,1,2,0,NA,0,0,0
oh5gfvbn,1,2,0,NA,0,0,0
ohq6fasi,0,1,1,Yes,1,1,1
ohq6fasi,0,1,1,NA,1,1,1
ohq6fasi,0,1,1,NA,1,1,1
ohwwktp5,0,4,1,Yes,0,5,0
ohwwktp5,0,4,1,NA,0,5,0
ohwwktp5,0,4,1,NA,0,5,0
oig2q3eh,1,3,0,No,0,0,0
oig2q3eh,1,3,0,NA,0,0,0
oig2q3eh,1,3,0,NA,0,0,0
oigg31fn,1,3,0,No,0,0,0
oigg31fn,1,3,0,NA,0,0,0
oigg31fn,1,3,0,NA,0,0,0
ojvzjc1m,0,3,1,Yes,1,2,2
ojvzjc1m,0,3,1,NA,1,2,2
ojvzjc1m,0,3,1,NA,1,2,2
olbbfpso,0,3,1,Yes,0,1,0
olbbfpso,0,3,1,NA,0,1,0
olbbfpso,0,3,1,NA,0,1,0
olv6unot,1,3,0,Yes,1,1,1
olv6unot,1,3,0,NA,1,1,1
olv6unot,1,3,0,NA,1,1,1
omakx75x,0,1,1,Yes,0,1,0
omakx75x,0,1,1,NA,0,1,0
omakx75x,0,1,1,NA,0,1,0
omcz3plf,0,3,1,No,0,0,0
omcz3plf,0,3,1,NA,0,0,0
omcz3plf,0,3,1,NA,0,0,0
omu7kxng,0,2,1,No,0,0,0
omu7kxng,0,2,1,NA,0,0,0
omu7kxng,0,2,1,NA,0,0,0
oq48w2lt,1,2,0,Yes,1,3,3
oq48w2lt,1,2,0,NA,1,3,3
oq48w2lt,1,2,0,NA,1,3,3
oshovhaj,1,4,0,No,0,0,0
oshovhaj,1,4,0,NA,0,0,0
oshovhaj,1,4,0,NA,0,0,0
ouvywtfv,1,2,0,Yes,0,2,0
ouvywtfv,1,2,0,NA,0,2,0
ouvywtfv,1,2,0,NA,0,2,0
ovyonjfo,1,3,0,Yes,0,1,0
ovyonjfo,1,3,0,NA,0,1,0
ovyonjfo,1,3,0,NA,0,1,0
ow2chob2,0,2,1,Yes,1,1,1
ow2chob2,0,2,1,NA,1,1,1
ow2chob2,0,2,1,NA,1,1,1
owp3yr1n,0,2,1,No,0,0,0
owp3yr1n,0,2,1,NA,0,0,0
owp3yr1n,0,2,1,NA,0,0,0
owzjwfn7,1,3,0,Yes,1,2,1
owzjwfn7,1,3,0,NA,1,2,1
owzjwfn7,1,3,0,NA,1,2,1
oxd823ey,0,4,1,Yes,1,3,3
oxd823ey,0,4,1,NA,1,3,3
oxd823ey,0,4,1,NA,1,3,3
oy0gtdqa,1,4,0,Yes,1,2,2
oy0gtdqa,1,4,0,NA,1,2,2
oy0gtdqa,1,4,0,NA,1,2,2
oz2nun46,0,4,1,Yes,1,1,1
oz2nun46,0,4,1,NA,1,1,1
oz2nun46,0,4,1,NA,1,1,1
ozewc4fa,1,4,0,Yes,1,1,1
ozewc4fa,1,4,0,NA,1,1,1
ozewc4fa,1,4,0,NA,1,1,1
ozjvmnl7,1,4,0,No,0,0,0
ozjvmnl7,1,4,0,NA,0,0,0
ozjvmnl7,1,4,0,NA,0,0,0
p1ccrehp,1,1,0,No,0,0,0
p1ccrehp,1,1,0,NA,0,0,0
p1ccrehp,1,1,0,NA,0,0,0
p2e46y5p,0,3,1,No,0,0,0
p2e46y5p,0,3,1,NA,0,0,0
p2e46y5p,0,3,1,NA,0,0,0
p2m39e57,0,1,1,No,0,0,0
p2m39e57,0,1,1,NA,0,0,0
p2m39e57,0,1,1,NA,0,0,0
p2zr0fo2,0,2,1,No,0,0,0
p2zr0fo2,0,2,1,NA,0,0,0
p2zr0fo2,0,2,1,NA,0,0,0
p4zeya9t,1,3,0,Yes,1,1,1
p4zeya9t,1,3,0,NA,1,1,1
p4zeya9t,1,3,0,NA,1,1,1
p5u9kgdn,0,4,1,Yes,1,2,2
p5u9kgdn,0,4,1,NA,1,2,2
p5u9kgdn,0,4,1,NA,1,2,2
p69731sm,1,4,0,Yes,1,1,1
p69731sm,1,4,0,NA,1,1,1
p69731sm,1,4,0,NA,1,1,1
p6xwpybx,1,4,0,Yes,1,2,1
p6xwpybx,1,4,0,NA,1,2,1
p6xwpybx,1,4,0,NA,1,2,1
p71p4izs,1,1,0,Yes,1,1,1
p71p4izs,1,1,0,NA,1,1,1
p71p4izs,1,1,0,NA,1,1,1
p7tcyvj0,1,1,0,Yes,0,2,0
p7tcyvj0,1,1,0,NA,0,2,0
p7tcyvj0,1,1,0,NA,0,2,0
p87zv5tn,1,4,0,No,0,0,0
p87zv5tn,1,4,0,NA,0,0,0
p87zv5tn,1,4,0,NA,0,0,0
paqcc6ot,1,1,0,No,0,0,0
paqcc6ot,1,1,0,NA,0,0,0
paqcc6ot,1,1,0,NA,0,0,0
pbbgzgqw,1,2,0,Yes,1,2,2
pbbgzgqw,1,2,0,NA,1,2,2
pbbgzgqw,1,2,0,NA,1,2,2
pbia3kb8,1,4,0,Yes,0,2,0
pbia3kb8,1,4,0,NA,0,2,0
pbia3kb8,1,4,0,NA,0,2,0
pc16139z,0,3,1,Yes,1,3,2
pc16139z,0,3,1,NA,1,3,2
pc16139z,0,3,1,NA,1,3,2
pcgy3g6o,1,3,0,No,0,0,0
pcgy3g6o,1,3,0,NA,0,0,0
pcgy3g6o,1,3,0,NA,0,0,0
pd30xai3,0,3,1,No,0,0,0
pd30xai3,0,3,1,NA,0,0,0
pd30xai3,0,3,1,NA,0,0,0
pdrguw92,0,3,1,Yes,1,1,1
pdrguw92,0,3,1,NA,1,1,1
pdrguw92,0,3,1,NA,1,1,1
pg3iu02m,0,4,1,Yes,1,2,2
pg3iu02m,0,4,1,NA,1,2,2
pg3iu02m,0,4,1,NA,1,2,2
pgdm4f0e,1,3,0,Yes,0,1,0
pgdm4f0e,1,3,0,NA,0,1,0
pgdm4f0e,1,3,0,NA,0,1,0
pghdealn,1,1,0,No,0,0,0
pghdealn,1,1,0,NA,0,0,0
pghdealn,1,1,0,NA,0,0,0
pla8fblm,0,3,1,Yes,1,2,2
pla8fblm,0,3,1,NA,1,2,2
pla8fblm,0,3,1,NA,1,2,2
pmkma9nf,1,1,0,No,0,0,0
pmkma9nf,1,1,0,NA,0,0,0
pmkma9nf,1,1,0,NA,0,0,0
popu9xol,1,2,0,Yes,1,3,1
popu9xol,1,2,0,NA,1,3,1
popu9xol,1,2,0,NA,1,3,1
pp1oemdl,0,4,1,No,0,0,0
pp1oemdl,0,4,1,NA,0,0,0
pp1oemdl,0,4,1,NA,0,0,0
pporpfrp,1,4,0,Yes,1,5,3
pporpfrp,1,4,0,NA,1,5,3
pporpfrp,1,4,0,NA,1,5,3
psk2rvvy,0,3,1,Yes,0,2,0
psk2rvvy,0,3,1,NA,0,2,0
psk2rvvy,0,3,1,NA,0,2,0
pu2op83r,1,4,0,Yes,1,4,1
pu2op83r,1,4,0,NA,1,4,1
pu2op83r,1,4,0,NA,1,4,1
pu47180z,1,1,0,Yes,1,1,1
pu47180z,1,1,0,NA,1,1,1
pu47180z,1,1,0,NA,1,1,1
pw5g8akl,1,3,0,Yes,1,3,3
pw5g8akl,1,3,0,NA,1,3,3
pw5g8akl,1,3,0,NA,1,3,3
pws0sxzh,1,2,0,No,0,0,0
pws0sxzh,1,2,0,NA,0,0,0
pws0sxzh,1,2,0,NA,0,0,0
pxqf41ka,1,3,0,Yes,1,2,2
pxqf41ka,1,3,0,NA,1,2,2
pxqf41ka,1,3,0,NA,1,2,2
pyh1oa92,1,2,0,Yes,0,2,0
pyh1oa92,1,2,0,NA,0,2,0
pyh1oa92,1,2,0,NA,0,2,0
pyvj81vd,1,1,0,No,0,0,0
pyvj81vd,1,1,0,NA,0,0,0
pyvj81vd,1,1,0,NA,0,0,0
pywbz1gt,1,3,0,No,0,0,0
pywbz1gt,1,3,0,NA,0,0,0
pywbz1gt,1,3,0,NA,0,0,0
pz1uosb7,0,4,1,No,0,0,0
pz1uosb7,0,4,1,NA,0,0,0
pz1uosb7,0,4,1,NA,0,0,0
pzslw9y4,1,4,0,Yes,0,2,0
pzslw9y4,1,4,0,NA,0,2,0
pzslw9y4,1,4,0,NA,0,2,0
q0fyicfu,1,2,0,No,0,0,0
q0fyicfu,1,2,0,NA,0,0,0
q0fyicfu,1,2,0,NA,0,0,0
q2f2klpr,1,1,0,No,0,0,0
q2f2klpr,1,1,0,NA,0,0,0
q2f2klpr,1,1,0,NA,0,0,0
q4hm0s63,1,3,0,Yes,1,1,1
q4hm0s63,1,3,0,NA,1,1,1
q4hm0s63,1,3,0,NA,1,1,1
q4q4pf0t,1,4,0,No,0,0,0
q4q4pf0t,1,4,0,NA,0,0,0
q4q4pf0t,1,4,0,NA,0,0,0
q57ifp0l,0,4,1,Yes,1,2,2
q57ifp0l,0,4,1,NA,1,2,2
q57ifp0l,0,4,1,NA,1,2,2
q7kfh93k,1,4,0,Yes,1,1,1
q7kfh93k,1,4,0,NA,1,1,1
q7kfh93k,1,4,0,NA,1,1,1
q8kaoez6,1,3,0,No,0,0,0
q8kaoez6,1,3,0,NA,0,0,0
q8kaoez6,1,3,0,NA,0,0,0
q9xbnruz,1,2,0,Yes,1,3,2
q9xbnruz,1,2,0,NA,1,3,2
q9xbnruz,1,2,0,NA,1,3,2
qf4ub4f0,1,4,0,Yes,1,2,2
qf4ub4f0,1,4,0,NA,1,2,2
qf4ub4f0,1,4,0,NA,1,2,2
qf733lxt,1,4,0,No,0,0,0
qf733lxt,1,4,0,NA,0,0,0
qf733lxt,1,4,0,NA,0,0,0
qfp0v33t,1,2,0,Yes,1,1,1
qfp0v33t,1,2,0,NA,1,1,1
qfp0v33t,1,2,0,NA,1,1,1
qh7m376i,0,3,1,Yes,0,1,0
qh7m376i,0,3,1,NA,0,1,0
qh7m376i,0,3,1,NA,0,1,0
qhsqp2r2,1,2,0,Yes,0,1,0
qhsqp2r2,1,2,0,NA,0,1,0
qhsqp2r2,1,2,0,NA,0,1,0
qjvfplls,0,1,1,Yes,1,1,1
qjvfplls,0,1,1,NA,1,1,1
qjvfplls,0,1,1,NA,1,1,1
qkfmz1au,0,2,1,Yes,1,1,1
qkfmz1au,0,2,1,NA,1,1,1
qkfmz1au,0,2,1,NA,1,1,1
ql67e6bf,1,1,0,Yes,0,2,0
ql67e6bf,1,1,0,NA,0,2,0
ql67e6bf,1,1,0,NA,0,2,0
qmom9rmt,0,3,1,Yes,0,1,0
qmom9rmt,0,3,1,NA,0,1,0
qmom9rmt,0,3,1,NA,0,1,0
qmw14qw7,0,1,1,Yes,0,1,0
qmw14qw7,0,1,1,NA,0,1,0
qmw14qw7,0,1,1,NA,0,1,0
qonr6q11,0,2,1,No,0,0,0
qonr6q11,0,2,1,NA,0,0,0
qonr6q11,0,2,1,NA,0,0,0
qpatg57e,1,2,0,No,0,0,0
qpatg57e,1,2,0,NA,0,0,0
qpatg57e,1,2,0,NA,0,0,0
qpdw4qck,1,3,0,Yes,1,2,2
qpdw4qck,1,3,0,NA,1,2,2
qpdw4qck,1,3,0,NA,1,2,2
qpgej55t,1,4,0,No,0,0,0
qpgej55t,1,4,0,NA,0,0,0
qpgej55t,1,4,0,NA,0,0,0
qq1jxjkl,0,1,1,No,0,0,0
qq1jxjkl,0,1,1,NA,0,0,0
qq1jxjkl,0,1,1,NA,0,0,0
qq4xjn7m,1,4,0,No,0,0,0
qq4xjn7m,1,4,0,NA,0,0,0
qq4xjn7m,1,4,0,NA,0,0,0
qrap2kuf,0,2,1,No,0,0,0
qrap2kuf,0,2,1,NA,0,0,0
qrap2kuf,0,2,1,NA,0,0,0
qskgt2ae,1,3,0,Yes,0,2,0
qskgt2ae,1,3,0,NA,0,2,0
qskgt2ae,1,3,0,NA,0,2,0
qtz3b1px,0,2,1,No,0,0,0
qtz3b1px,0,2,1,NA,0,0,0
qtz3b1px,0,2,1,NA,0,0,0
quh6b8t2,1,3,0,Yes,0,1,0
quh6b8t2,1,3,0,NA,0,1,0
quh6b8t2,1,3,0,NA,0,1,0
qv188i1b,1,4,0,No,0,0,0
qv188i1b,1,4,0,NA,0,0,0
qv188i1b,1,4,0,NA,0,0,0
qv1mfhgw,1,3,0,No,0,0,0
qv1mfhgw,1,3,0,NA,0,0,0
qv1mfhgw,1,3,0,NA,0,0,0
qv3qhc86,1,2,0,Yes,0,1,0
qv3qhc86,1,2,0,NA,0,1,0
qv3qhc86,1,2,0,NA,0,1,0
qyntmwam,1,4,0,No,0,0,0
qyntmwam,1,4,0,NA,0,0,0
qyntmwam,1,4,0,NA,0,0,0
qz9gkzqn,1,1,0,Yes,1,2,1
qz9gkzqn,1,1,0,NA,1,2,1
qz9gkzqn,1,1,0,NA,1,2,1
r19lfzm1,0,4,1,No,0,0,0
r19lfzm1,0,4,1,NA,0,0,0
r19lfzm1,0,4,1,NA,0,0,0
r4kylwvi,0,3,1,No,0,0,0
r4kylwvi,0,3,1,NA,0,0,0
r4kylwvi,0,3,1,NA,0,0,0
r4wt9f3t,0,1,1,No,0,0,0
r4wt9f3t,0,1,1,NA,0,0,0
r4wt9f3t,0,1,1,NA,0,0,0
r51r186z,0,2,1,Yes,1,1,1
r51r186z,0,2,1,NA,1,1,1
r51r186z,0,2,1,NA,1,1,1
r54tymna,1,4,0,No,0,0,0
r54tymna,1,4,0,NA,0,0,0
r54tymna,1,4,0,NA,0,0,0
r5hqt82l,1,3,0,Yes,1,3,2
r5hqt82l,1,3,0,NA,1,3,2
r5hqt82l,1,3,0,NA,1,3,2
r9jxq4nc,0,4,1,Yes,1,4,2
r9jxq4nc,0,4,1,NA,1,4,2
r9jxq4nc,0,4,1,NA,1,4,2
rad4s5uz,1,4,0,No,0,0,0
rad4s5uz,1,4,0,NA,0,0,0
rad4s5uz,1,4,0,NA,0,0,0
rd0en53a,1,1,0,Yes,1,1,1
rd0en53a,1,1,0,NA,1,1,1
rd0en53a,1,1,0,NA,1,1,1
rf4yftgm,1,4,0,Yes,0,3,0
rf4yftgm,1,4,0,NA,0,3,0
rf4yftgm,1,4,0,NA,0,3,0
rh7i25p1,1,3,0,Yes,1,2,2
rh7i25p1,1,3,0,NA,1,2,2
rh7i25p1,1,3,0,NA,1,2,2
rhb3xdk9,1,2,0,No,0,0,0
rhb3xdk9,1,2,0,NA,0,0,0
rhb3xdk9,1,2,0,NA,0,0,0
rinne6ca,1,3,0,No,0,0,0
rinne6ca,1,3,0,NA,0,0,0
rinne6ca,1,3,0,NA,0,0,0
rlk6o9ui,1,3,0,Yes,0,2,0
rlk6o9ui,1,3,0,NA,0,2,0
rlk6o9ui,1,3,0,NA,0,2,0
rndxh90j,1,2,0,No,0,0,0
rndxh90j,1,2,0,NA,0,0,0
rndxh90j,1,2,0,NA,0,0,0
rqb0s9nt,1,3,0,Yes,1,2,2
rqb0s9nt,1,3,0,NA,1,2,2
rqb0s9nt,1,3,0,NA,1,2,2
rrvzznrp,1,2,0,Yes,1,2,2
rrvzznrp,1,2,0,NA,1,2,2
rrvzznrp,1,2,0,NA,1,2,2
rvjhfeiz,1,3,0,Yes,1,1,1
rvjhfeiz,1,3,0,NA,1,1,1
rvjhfeiz,1,3,0,NA,1,1,1
rw0in6vh,0,2,1,Yes,0,1,0
rw0in6vh,0,2,1,NA,0,1,0
rw0in6vh,0,2,1,NA,0,1,0
ry3r9ss6,1,2,0,No,0,0,0
ry3r9ss6,1,2,0,NA,0,0,0
ry3r9ss6,1,2,0,NA,0,0,0
rzyynj3j,1,4,0,Yes,1,1,1
rzyynj3j,1,4,0,NA,1,1,1
rzyynj3j,1,4,0,NA,1,1,1
s032u9se,1,2,0,No,0,0,0
s032u9se,1,2,0,NA,0,0,0
s032u9se,1,2,0,NA,0,0,0
s0a5eicg,0,2,1,Yes,1,4,3
s0a5eicg,0,2,1,NA,1,4,3
s0a5eicg,0,2,1,NA,1,4,3
s0qtuerx,0,4,1,Yes,1,5,1
s0qtuerx,0,4,1,NA,1,5,1
s0qtuerx,0,4,1,NA,1,5,1
s2w93ie7,1,1,0,Yes,0,2,0
s2w93ie7,1,1,0,NA,0,2,0
s2w93ie7,1,1,0,NA,0,2,0
s4kx3pa0,0,3,1,Yes,0,1,0
s4kx3pa0,0,3,1,NA,0,1,0
s4kx3pa0,0,3,1,NA,0,1,0
s5x14rpn,0,2,1,Yes,1,3,1
s5x14rpn,0,2,1,NA,1,3,1
s5x14rpn,0,2,1,NA,1,3,1
s6o8wr9r,0,3,1,Yes,0,1,0
s6o8wr9r,0,3,1,NA,0,1,0
s6o8wr9r,0,3,1,NA,0,1,0
s7448kpe,1,3,0,Yes,0,1,0
s7448kpe,1,3,0,NA,0,1,0
s7448kpe,1,3,0,NA,0,1,0
s78frr7b,1,2,0,Yes,0,1,0
s78frr7b,1,2,0,NA,0,1,0
s78frr7b,1,2,0,NA,0,1,0
s7qcovgh,1,3,0,Yes,0,1,0
s7qcovgh,1,3,0,NA,0,1,0
s7qcovgh,1,3,0,NA,0,1,0
s9q4utr3,1,3,0,Yes,1,3,3
s9q4utr3,1,3,0,NA,1,3,3
s9q4utr3,1,3,0,NA,1,3,3
s9qltdtx,1,4,0,Yes,1,2,2
s9qltdtx,1,4,0,NA,1,2,2
s9qltdtx,1,4,0,NA,1,2,2
sb52pfm0,1,1,0,Yes,0,1,0
sb52pfm0,1,1,0,NA,0,1,0
sb52pfm0,1,1,0,NA,0,1,0
sdwa0sfx,1,3,0,Yes,0,1,0
sdwa0sfx,1,3,0,NA,0,1,0
sdwa0sfx,1,3,0,NA,0,1,0
sfgkclqu,1,3,0,Yes,0,2,0
sfgkclqu,1,3,0,NA,0,2,0
sfgkclqu,1,3,0,NA,0,2,0
sgdavjj8,1,2,0,No,0,0,0
sgdavjj8,1,2,0,NA,0,0,0
sgdavjj8,1,2,0,NA,0,0,0
sghs71u8,1,2,0,Yes,0,1,0
sghs71u8,1,2,0,NA,0,1,0
sghs71u8,1,2,0,NA,0,1,0
sgnibm0f,1,4,0,Yes,1,2,1
sgnibm0f,1,4,0,NA,1,2,1
sgnibm0f,1,4,0,NA,1,2,1
sh7g2non,1,2,0,No,0,0,0
sh7g2non,1,2,0,NA,0,0,0
sh7g2non,1,2,0,NA,0,0,0
shjib5ml,0,2,1,No,0,0,0
shjib5ml,0,2,1,NA,0,0,0
shjib5ml,0,2,1,NA,0,0,0
shkvtfi7,0,4,1,Yes,1,2,1
shkvtfi7,0,4,1,NA,1,2,1
shkvtfi7,0,4,1,NA,1,2,1
sj94iz6m,1,3,0,Yes,1,5,3
sj94iz6m,1,3,0,NA,1,5,3
sj94iz6m,1,3,0,NA,1,5,3
skjxe79k,1,2,0,Yes,0,2,0
skjxe79k,1,2,0,NA,0,2,0
skjxe79k,1,2,0,NA,0,2,0
slyopi0q,0,3,1,Yes,1,5,3
slyopi0q,0,3,1,NA,1,5,3
slyopi0q,0,3,1,NA,1,5,3
sokybtzu,1,4,0,No,0,0,0
sokybtzu,1,4,0,NA,0,0,0
sokybtzu,1,4,0,NA,0,0,0
sqco43x3,1,2,0,Yes,1,1,1
sqco43x3,1,2,0,NA,1,1,1
sqco43x3,1,2,0,NA,1,1,1
sqdpu4d3,1,4,0,Yes,0,2,0
sqdpu4d3,1,4,0,NA,0,2,0
sqdpu4d3,1,4,0,NA,0,2,0
sqlbdrcp,1,4,0,Yes,0,1,0
sqlbdrcp,1,4,0,NA,0,1,0
sqlbdrcp,1,4,0,NA,0,1,0
srqrk5ep,1,3,0,Yes,0,1,0
srqrk5ep,1,3,0,NA,0,1,0
srqrk5ep,1,3,0,NA,0,1,0
srr5ghhw,1,2,0,Yes,0,1,0
srr5ghhw,1,2,0,NA,0,1,0
srr5ghhw,1,2,0,NA,0,1,0
ssnsct05,1,3,0,Yes,1,4,2
ssnsct05,1,3,0,NA,1,4,2
ssnsct05,1,3,0,NA,1,4,2
sto5kcqz,1,1,0,No,0,0,0
sto5kcqz,1,1,0,NA,0,0,0
sto5kcqz,1,1,0,NA,0,0,0
sup8dzmk,1,3,0,Yes,1,2,2
sup8dzmk,1,3,0,NA,1,2,2
sup8dzmk,1,3,0,NA,1,2,2
svaihmj0,1,2,0,Yes,1,1,1
svaihmj0,1,2,0,NA,1,1,1
svaihmj0,1,2,0,NA,1,1,1
sw1yu3bu,0,3,1,Yes,0,1,0
sw1yu3bu,0,3,1,NA,0,1,0
sw1yu3bu,0,3,1,NA,0,1,0
sxqh8gte,1,2,0,No,0,0,0
sxqh8gte,1,2,0,NA,0,0,0
sxqh8gte,1,2,0,NA,0,0,0
sy9ejp6p,1,2,0,No,0,0,0
sy9ejp6p,1,2,0,NA,0,0,0
sy9ejp6p,1,2,0,NA,0,0,0
syknyuq4,0,2,1,No,0,0,0
syknyuq4,0,2,1,NA,0,0,0
syknyuq4,0,2,1,NA,0,0,0
syv8ou0r,1,3,0,Yes,1,3,3
syv8ou0r,1,3,0,NA,1,3,3
syv8ou0r,1,3,0,NA,1,3,3
syzlhkei,0,4,1,No,0,0,0
syzlhkei,0,4,1,NA,0,0,0
syzlhkei,0,4,1,NA,0,0,0
szdqu8l9,1,1,0,No,0,0,0
szdqu8l9,1,1,0,NA,0,0,0
szdqu8l9,1,1,0,NA,0,0,0
szvfcwbh,1,3,0,Yes,1,3,2
szvfcwbh,1,3,0,NA,1,3,2
szvfcwbh,1,3,0,NA,1,3,2
szvu6mbg,1,2,0,Yes,1,1,1
szvu6mbg,1,2,0,NA,1,1,1
szvu6mbg,1,2,0,NA,1,1,1
t0yei9zi,1,2,0,No,0,0,0
t0yei9zi,1,2,0,NA,0,0,0
t0yei9zi,1,2,0,NA,0,0,0
t1cuiog1,1,4,0,Yes,1,1,1
t1cuiog1,1,4,0,NA,1,1,1
t1cuiog1,1,4,0,NA,1,1,1
t2hd3vin,0,3,1,Yes,1,2,1
t2hd3vin,0,3,1,NA,1,2,1
t2hd3vin,0,3,1,NA,1,2,1
t3f0ro4a,1,1,0,No,0,0,0
t3f0ro4a,1,1,0,NA,0,0,0
t3f0ro4a,1,1,0,NA,0,0,0
t6t90wgc,1,4,0,Yes,0,1,0
t6t90wgc,1,4,0,NA,0,1,0
t6t90wgc,1,4,0,NA,0,1,0
t6uko4hr,0,3,1,Yes,0,2,0
t6uko4hr,0,3,1,NA,0,2,0
t6uko4hr,0,3,1,NA,0,2,0
t782fms0,1,4,0,No,0,0,0
t782fms0,1,4,0,NA,0,0,0
t782fms0,1,4,0,NA,0,0,0
t7ih09tl,1,4,0,Yes,0,1,0
t7ih09tl,1,4,0,NA,0,1,0
t7ih09tl,1,4,0,NA,0,1,0
t7sebl9p,1,4,0,No,0,0,0
t7sebl9p,1,4,0,NA,0,0,0
t7sebl9p,1,4,0,NA,0,0,0
t9kb81uq,1,2,0,No,0,0,0
t9kb81uq,1,2,0,NA,0,0,0
t9kb81uq,1,2,0,NA,0,0,0
ta1gyzvb,1,3,0,No,0,0,0
ta1gyzvb,1,3,0,NA,0,0,0
ta1gyzvb,1,3,0,NA,0,0,0
ta1kqq2l,1,3,0,Yes,0,1,0
ta1kqq2l,1,3,0,NA,0,1,0
ta1kqq2l,1,3,0,NA,0,1,0
tba5mje3,1,4,0,No,0,0,0
tba5mje3,1,4,0,NA,0,0,0
tba5mje3,1,4,0,NA,0,0,0
tcfbbxhr,1,2,0,No,0,0,0
tcfbbxhr,1,2,0,NA,0,0,0
tcfbbxhr,1,2,0,NA,0,0,0
tddye4yz,1,2,0,No,0,0,0
tddye4yz,1,2,0,NA,0,0,0
tddye4yz,1,2,0,NA,0,0,0
tf3m390p,1,3,0,No,0,0,0
tf3m390p,1,3,0,NA,0,0,0
tf3m390p,1,3,0,NA,0,0,0
tgekn0bp,0,3,1,No,0,0,0
tgekn0bp,0,3,1,NA,0,0,0
tgekn0bp,0,3,1,NA,0,0,0
ti8f24lw,0,1,1,No,0,0,0
ti8f24lw,0,1,1,NA,0,0,0
ti8f24lw,0,1,1,NA,0,0,0
tibaqkjc,0,2,1,Yes,1,3,3
tibaqkjc,0,2,1,NA,1,3,3
tibaqkjc,0,2,1,NA,1,3,3
tic35rwz,1,1,0,No,0,0,0
tic35rwz,1,1,0,NA,0,0,0
tic35rwz,1,1,0,NA,0,0,0
titf2l3f,1,2,0,Yes,0,1,0
titf2l3f,1,2,0,NA,0,1,0
titf2l3f,1,2,0,NA,0,1,0
tjva5ucd,0,4,1,No,0,0,0
tjva5ucd,0,4,1,NA,0,0,0
tjva5ucd,0,4,1,NA,0,0,0
tkah0hs9,1,2,0,Yes,1,2,2
tkah0hs9,1,2,0,NA,1,2,2
tkah0hs9,1,2,0,NA,1,2,2
tljl1d00,1,4,0,Yes,0,2,0
tljl1d00,1,4,0,NA,0,2,0
tljl1d00,1,4,0,NA,0,2,0
tm3qc9ze,1,3,0,Yes,1,1,1
tm3qc9ze,1,3,0,NA,1,1,1
tm3qc9ze,1,3,0,NA,1,1,1
tmrim3dh,1,2,0,Yes,0,2,0
tmrim3dh,1,2,0,NA,0,2,0
tmrim3dh,1,2,0,NA,0,2,0
tqskimjn,0,4,1,Yes,1,1,1
tqskimjn,0,4,1,NA,1,1,1
tqskimjn,0,4,1,NA,1,1,1
tsix3vvv,1,3,0,Yes,0,2,0
tsix3vvv,1,3,0,NA,0,2,0
tsix3vvv,1,3,0,NA,0,2,0
tsk7n5a9,1,4,0,Yes,1,2,2
tsk7n5a9,1,4,0,NA,1,2,2
tsk7n5a9,1,4,0,NA,1,2,2
tsyypvfx,1,3,0,No,0,0,0
tsyypvfx,1,3,0,NA,0,0,0
tsyypvfx,1,3,0,NA,0,0,0
ttns8hms,1,4,0,Yes,1,3,2
ttns8hms,1,4,0,NA,1,3,2
ttns8hms,1,4,0,NA,1,3,2
ttqhdzsy,1,2,0,No,0,0,0
ttqhdzsy,1,2,0,NA,0,0,0
ttqhdzsy,1,2,0,NA,0,0,0
tudwbf8n,1,3,0,Yes,1,1,1
tudwbf8n,1,3,0,NA,1,1,1
tudwbf8n,1,3,0,NA,1,1,1
twfpqwza,1,4,0,Yes,0,2,0
twfpqwza,1,4,0,NA,0,2,0
twfpqwza,1,4,0,NA,0,2,0
tx29asx1,0,2,1,Yes,1,2,2
tx29asx1,0,2,1,NA,1,2,2
tx29asx1,0,2,1,NA,1,2,2
txacl1r7,1,2,0,No,0,0,0
txacl1r7,1,2,0,NA,0,0,0
txacl1r7,1,2,0,NA,0,0,0
txvbo5dd,1,4,0,Yes,1,1,1
txvbo5dd,1,4,0,NA,1,1,1
txvbo5dd,1,4,0,NA,1,1,1
u1489ln6,1,3,0,Yes,1,3,2
u1489ln6,1,3,0,NA,1,3,2
u1489ln6,1,3,0,NA,1,3,2
u1o2nfup,1,3,0,No,0,0,0
u1o2nfup,1,3,0,NA,0,0,0
u1o2nfup,1,3,0,NA,0,0,0
u1u1tfxt,0,2,1,Yes,0,2,0
u1u1tfxt,0,2,1,NA,0,2,0
u1u1tfxt,0,2,1,NA,0,2,0
u3nsb1ec,1,3,0,Yes,0,1,0
u3nsb1ec,1,3,0,NA,0,1,0
u3nsb1ec,1,3,0,NA,0,1,0
u4abzrqg,1,2,0,No,0,0,0
u4abzrqg,1,2,0,NA,0,0,0
u4abzrqg,1,2,0,NA,0,0,0
u5khadlw,1,4,0,No,0,0,0
u5khadlw,1,4,0,NA,0,0,0
u5khadlw,1,4,0,NA,0,0,0
u73vsv79,1,4,0,Yes,1,1,1
u73vsv79,1,4,0,NA,1,1,1
u73vsv79,1,4,0,NA,1,1,1
u7rxx7r7,1,3,0,No,0,0,0
u7rxx7r7,1,3,0,NA,0,0,0
u7rxx7r7,1,3,0,NA,0,0,0
u8m0y0hh,1,4,0,Yes,1,5,1
u8m0y0hh,1,4,0,NA,1,5,1
u8m0y0hh,1,4,0,NA,1,5,1
uaiv9exw,1,2,0,No,0,0,0
uaiv9exw,1,2,0,NA,0,0,0
uaiv9exw,1,2,0,NA,0,0,0
uc5mmxx1,1,2,0,No,0,0,0
uc5mmxx1,1,2,0,NA,0,0,0
uc5mmxx1,1,2,0,NA,0,0,0
uceofvvz,1,4,0,Yes,1,3,3
uceofvvz,1,4,0,NA,1,3,3
uceofvvz,1,4,0,NA,1,3,3
uck7ajj3,1,4,0,No,0,0,0
uck7ajj3,1,4,0,NA,0,0,0
uck7ajj3,1,4,0,NA,0,0,0
ucr9cpkr,1,3,0,No,0,0,0
ucr9cpkr,1,3,0,NA,0,0,0
ucr9cpkr,1,3,0,NA,0,0,0
udz2lahq,1,3,0,Yes,1,1,1
udz2lahq,1,3,0,NA,1,1,1
udz2lahq,1,3,0,NA,1,1,1
ueh54d65,1,4,0,Yes,0,3,0
ueh54d65,1,4,0,NA,0,3,0
ueh54d65,1,4,0,NA,0,3,0
uff5d5mj,0,3,1,Yes,1,2,2
uff5d5mj,0,3,1,NA,1,2,2
uff5d5mj,0,3,1,NA,1,2,2
ufvuh96n,1,4,0,Yes,0,1,0
ufvuh96n,1,4,0,NA,0,1,0
ufvuh96n,1,4,0,NA,0,1,0
ug3az3lt,1,4,0,Yes,1,2,2
ug3az3lt,1,4,0,NA,1,2,2
ug3az3lt,1,4,0,NA,1,2,2
ug3vsu79,1,3,0,No,0,0,0
ug3vsu79,1,3,0,NA,0,0,0
ug3vsu79,1,3,0,NA,0,0,0
ug4pq8p7,1,4,0,Yes,1,2,1
ug4pq8p7,1,4,0,NA,1,2,1
ug4pq8p7,1,4,0,NA,1,2,1
ugzi7zv6,1,3,0,No,0,0,0
ugzi7zv6,1,3,0,NA,0,0,0
ugzi7zv6,1,3,0,NA,0,0,0
uh86tbef,1,3,0,Yes,1,2,2
uh86tbef,1,3,0,NA,1,2,2
uh86tbef,1,3,0,NA,1,2,2
ui8rc6gh,1,4,0,Yes,1,1,1
ui8rc6gh,1,4,0,NA,1,1,1
ui8rc6gh,1,4,0,NA,1,1,1
uk4s709y,0,2,1,No,0,0,0
uk4s709y,0,2,1,NA,0,0,0
uk4s709y,0,2,1,NA,0,0,0
ukjn0yl7,1,1,0,No,0,0,0
ukjn0yl7,1,1,0,NA,0,0,0
ukjn0yl7,1,1,0,NA,0,0,0
ul4ozapr,1,3,0,Yes,1,1,1
ul4ozapr,1,3,0,NA,1,1,1
ul4ozapr,1,3,0,NA,1,1,1
uljv1m75,1,1,0,Yes,1,1,1
uljv1m75,1,1,0,NA,1,1,1
uljv1m75,1,1,0,NA,1,1,1
um3n8kij,0,4,1,Yes,1,3,3
um3n8kij,0,4,1,NA,1,3,3
um3n8kij,0,4,1,NA,1,3,3
uokawz5f,1,1,0,No,0,0,0
uokawz5f,1,1,0,NA,0,0,0
uokawz5f,1,1,0,NA,0,0,0
uosvbxvq,0,2,1,No,0,0,0
uosvbxvq,0,2,1,NA,0,0,0
uosvbxvq,0,2,1,NA,0,0,0
urcz7yvw,1,4,0,Yes,0,1,0
urcz7yvw,1,4,0,NA,0,1,0
urcz7yvw,1,4,0,NA,0,1,0
urtsko9r,1,3,0,No,0,0,0
urtsko9r,1,3,0,NA,0,0,0
urtsko9r,1,3,0,NA,0,0,0
usepe03p,1,4,0,Yes,1,1,1
usepe03p,1,4,0,NA,1,1,1
usepe03p,1,4,0,NA,1,1,1
usn2eg72,1,4,0,No,0,0,0
usn2eg72,1,4,0,NA,0,0,0
usn2eg72,1,4,0,NA,0,0,0
uub0wavk,1,4,0,No,0,0,0
uub0wavk,1,4,0,NA,0,0,0
uub0wavk,1,4,0,NA,0,0,0
uuq2f9yb,1,4,0,No,0,0,0
uuq2f9yb,1,4,0,NA,0,0,0
uuq2f9yb,1,4,0,NA,0,0,0
uwi0dt24,1,3,0,Yes,1,1,1
uwi0dt24,1,3,0,NA,1,1,1
uwi0dt24,1,3,0,NA,1,1,1
uy9v2d9b,0,3,1,Yes,1,2,2
uy9v2d9b,0,3,1,NA,1,2,2
uy9v2d9b,0,3,1,NA,1,2,2
uze3e7f2,0,3,1,Yes,0,2,0
uze3e7f2,0,3,1,NA,0,2,0
uze3e7f2,0,3,1,NA,0,2,0
v04a1r1u,0,4,1,Yes,1,1,1
v04a1r1u,0,4,1,NA,1,1,1
v04a1r1u,0,4,1,NA,1,1,1
v0ixwup4,0,4,1,No,0,0,0
v0ixwup4,0,4,1,NA,0,0,0
v0ixwup4,0,4,1,NA,0,0,0
v1omb8zg,0,3,1,No,0,0,0
v1omb8zg,0,3,1,NA,0,0,0
v1omb8zg,0,3,1,NA,0,0,0
v4684rvj,0,2,1,No,0,0,0
v4684rvj,0,2,1,NA,0,0,0
v4684rvj,0,2,1,NA,0,0,0
v6mb6us2,1,4,0,No,0,0,0
v6mb6us2,1,4,0,NA,0,0,0
v6mb6us2,1,4,0,NA,0,0,0
v7aalwdu,0,3,1,Yes,1,3,3
v7aalwdu,0,3,1,NA,1,3,3
v7aalwdu,0,3,1,NA,1,3,3
va2ryusj,1,2,0,Yes,1,2,1
va2ryusj,1,2,0,NA,1,2,1
va2ryusj,1,2,0,NA,1,2,1
vaggnn5a,1,4,0,Yes,1,3,1
vaggnn5a,1,4,0,NA,1,3,1
vaggnn5a,1,4,0,NA,1,3,1
vb3sc1se,1,2,0,No,0,0,0
vb3sc1se,1,2,0,NA,0,0,0
vb3sc1se,1,2,0,NA,0,0,0
vb5g8api,0,2,1,No,0,0,0
vb5g8api,0,2,1,NA,0,0,0
vb5g8api,0,2,1,NA,0,0,0
vbbfkos4,1,3,0,Yes,1,3,1
vbbfkos4,1,3,0,NA,1,3,1
vbbfkos4,1,3,0,NA,1,3,1
vbpd9rae,1,1,0,No,0,0,0
vbpd9rae,1,1,0,NA,0,0,0
vbpd9rae,1,1,0,NA,0,0,0
vbyj2q8t,1,3,0,No,0,0,0
vbyj2q8t,1,3,0,NA,0,0,0
vbyj2q8t,1,3,0,NA,0,0,0
vc6pcqkv,0,1,1,Yes,0,1,0
vc6pcqkv,0,1,1,NA,0,1,0
vc6pcqkv,0,1,1,NA,0,1,0
vcgl5gh9,0,3,1,Yes,1,3,2
vcgl5gh9,0,3,1,NA,1,3,2
vcgl5gh9,0,3,1,NA,1,3,2
vcw68erq,0,4,1,Yes,1,3,3
vcw68erq,0,4,1,NA,1,3,3
vcw68erq,0,4,1,NA,1,3,3
vd8ez5i4,0,3,1,No,0,0,0
vd8ez5i4,0,3,1,NA,0,0,0
vd8ez5i4,0,3,1,NA,0,0,0
veemozu9,0,4,1,Yes,0,2,0
veemozu9,0,4,1,NA,0,2,0
veemozu9,0,4,1,NA,0,2,0
vej6y4cx,1,1,0,No,0,0,0
vej6y4cx,1,1,0,NA,0,0,0
vej6y4cx,1,1,0,NA,0,0,0
vf1hkgi1,0,1,1,Yes,0,2,0
vf1hkgi1,0,1,1,NA,0,2,0
vf1hkgi1,0,1,1,NA,0,2,0
vfozoku6,0,3,1,Yes,0,2,0
vfozoku6,0,3,1,NA,0,2,0
vfozoku6,0,3,1,NA,0,2,0
vh8io1vu,0,2,1,Yes,1,2,1
vh8io1vu,0,2,1,NA,1,2,1
vh8io1vu,0,2,1,NA,1,2,1
vjdjpmq9,1,1,0,No,0,0,0
vjdjpmq9,1,1,0,NA,0,0,0
vjdjpmq9,1,1,0,NA,0,0,0
vjft036k,1,2,0,Yes,0,2,0
vjft036k,1,2,0,NA,0,2,0
vjft036k,1,2,0,NA,0,2,0
vkf2jl7p,1,3,0,Yes,1,1,1
vkf2jl7p,1,3,0,NA,1,1,1
vkf2jl7p,1,3,0,NA,1,1,1
vl7n5r1a,1,4,0,Yes,1,1,1
vl7n5r1a,1,4,0,NA,1,1,1
vl7n5r1a,1,4,0,NA,1,1,1
vlhxhmfp,0,2,1,No,0,0,0
vlhxhmfp,0,2,1,NA,0,0,0
vlhxhmfp,0,2,1,NA,0,0,0
vlqpw0kx,1,4,0,No,0,0,0
vlqpw0kx,1,4,0,NA,0,0,0
vlqpw0kx,1,4,0,NA,0,0,0
vmhaddn4,1,1,0,Yes,0,1,0
vmhaddn4,1,1,0,NA,0,1,0
vmhaddn4,1,1,0,NA,0,1,0
vmkw03d4,1,4,0,Yes,1,5,3
vmkw03d4,1,4,0,NA,1,5,3
vmkw03d4,1,4,0,NA,1,5,3
vo02j844,1,4,0,No,0,0,0
vo02j844,1,4,0,NA,0,0,0
vo02j844,1,4,0,NA,0,0,0
vpya8epg,0,1,1,No,0,0,0
vpya8epg,0,1,1,NA,0,0,0
vpya8epg,0,1,1,NA,0,0,0
vr39mq5r,1,4,0,No,0,0,0
vr39mq5r,1,4,0,NA,0,0,0
vr39mq5r,1,4,0,NA,0,0,0
vrno14u7,1,2,0,Yes,1,1,1
vrno14u7,1,2,0,NA,1,1,1
vrno14u7,1,2,0,NA,1,1,1
vt9vfs4n,1,2,0,No,0,0,0
vt9vfs4n,1,2,0,NA,0,0,0
vt9vfs4n,1,2,0,NA,0,0,0
vtgsry4b,1,1,0,Yes,1,1,1
vtgsry4b,1,1,0,NA,1,1,1
vtgsry4b,1,1,0,NA,1,1,1
vveaz21h,1,1,0,No,0,0,0
vveaz21h,1,1,0,NA,0,0,0
vveaz21h,1,1,0,NA,0,0,0
vvicfos0,1,4,0,Yes,0,5,0
vvicfos0,1,4,0,NA,0,5,0
vvicfos0,1,4,0,NA,0,5,0
vwfu5mbj,1,4,0,Yes,0,2,0
vwfu5mbj,1,4,0,NA,0,2,0
vwfu5mbj,1,4,0,NA,0,2,0
vyb01mv6,0,4,1,Yes,1,2,1
vyb01mv6,0,4,1,NA,1,2,1
vyb01mv6,0,4,1,NA,1,2,1
vzjuf47k,0,2,1,No,0,0,0
vzjuf47k,0,2,1,NA,0,0,0
vzjuf47k,0,2,1,NA,0,0,0
vzufaohu,0,4,1,Yes,1,1,1
vzufaohu,0,4,1,NA,1,1,1
vzufaohu,0,4,1,NA,1,1,1
w0jhvska,1,3,0,No,0,0,0
w0jhvska,1,3,0,NA,0,0,0
w0jhvska,1,3,0,NA,0,0,0
w0lr731x,1,3,0,Yes,1,1,1
w0lr731x,1,3,0,NA,1,1,1
w0lr731x,1,3,0,NA,1,1,1
w6rsefae,1,2,0,No,0,0,0
w6rsefae,1,2,0,NA,0,0,0
w6rsefae,1,2,0,NA,0,0,0
w7g0reey,1,3,0,Yes,1,5,3
w7g0reey,1,3,0,NA,1,5,3
w7g0reey,1,3,0,NA,1,5,3
w89azihi,1,4,0,Yes,0,2,0
w89azihi,1,4,0,NA,0,2,0
w89azihi,1,4,0,NA,0,2,0
w8wmd6zw,0,4,1,Yes,1,3,1
w8wmd6zw,0,4,1,NA,1,3,1
w8wmd6zw,0,4,1,NA,1,3,1
w8z9e76o,0,3,1,Yes,1,3,3
w8z9e76o,0,3,1,NA,1,3,3
w8z9e76o,0,3,1,NA,1,3,3
w9w2ktpr,1,2,0,Yes,1,3,3
w9w2ktpr,1,2,0,NA,1,3,3
w9w2ktpr,1,2,0,NA,1,3,3
wag9i1fw,1,3,0,No,0,0,0
wag9i1fw,1,3,0,NA,0,0,0
wag9i1fw,1,3,0,NA,0,0,0
wc17nttc,1,1,0,Yes,0,1,0
wc17nttc,1,1,0,NA,0,1,0
wc17nttc,1,1,0,NA,0,1,0
wdxq55h5,1,4,0,Yes,1,5,3
wdxq55h5,1,4,0,NA,1,5,3
wdxq55h5,1,4,0,NA,1,5,3
wegxz1p8,1,4,0,Yes,1,1,1
wegxz1p8,1,4,0,NA,1,1,1
wegxz1p8,1,4,0,NA,1,1,1
wg1hdi1u,1,2,0,No,0,0,0
wg1hdi1u,1,2,0,NA,0,0,0
wg1hdi1u,1,2,0,NA,0,0,0
whdr9gwu,0,2,1,Yes,1,2,2
whdr9gwu,0,2,1,NA,1,2,2
whdr9gwu,0,2,1,NA,1,2,2
wiuk6r4f,0,1,1,No,0,0,0
wiuk6r4f,0,1,1,NA,0,0,0
wiuk6r4f,0,1,1,NA,0,0,0
wl1kjgzl,1,1,0,Yes,1,1,1
wl1kjgzl,1,1,0,NA,1,1,1
wl1kjgzl,1,1,0,NA,1,1,1
wltj84br,0,2,1,No,0,0,0
wltj84br,0,2,1,NA,0,0,0
wltj84br,0,2,1,NA,0,0,0
wm9u12hv,1,4,0,Yes,1,2,1
wm9u12hv,1,4,0,NA,1,2,1
wm9u12hv,1,4,0,NA,1,2,1
wmckn71y,1,4,0,No,0,0,0
wmckn71y,1,4,0,NA,0,0,0
wmckn71y,1,4,0,NA,0,0,0
wnmy965s,1,4,0,Yes,1,1,1
wnmy965s,1,4,0,NA,1,1,1
wnmy965s,1,4,0,NA,1,1,1
wozcd7c1,1,3,0,No,0,0,0
wozcd7c1,1,3,0,NA,0,0,0
wozcd7c1,1,3,0,NA,0,0,0
wrxl6b5r,1,4,0,Yes,1,2,1
wrxl6b5r,1,4,0,NA,1,2,1
wrxl6b5r,1,4,0,NA,1,2,1
ws1l5uvd,1,3,0,Yes,0,1,0
ws1l5uvd,1,3,0,NA,0,1,0
ws1l5uvd,1,3,0,NA,0,1,0
wsa6k6aw,1,2,0,No,0,0,0
wsa6k6aw,1,2,0,NA,0,0,0
wsa6k6aw,1,2,0,NA,0,0,0
wszg495y,0,2,1,Yes,0,2,0
wszg495y,0,2,1,NA,0,2,0
wszg495y,0,2,1,NA,0,2,0
wufcojdz,1,3,0,Yes,1,3,1
wufcojdz,1,3,0,NA,1,3,1
wufcojdz,1,3,0,NA,1,3,1
wursx4n3,0,1,1,No,0,0,0
wursx4n3,0,1,1,NA,0,0,0
wursx4n3,0,1,1,NA,0,0,0
wvv56etc,0,3,1,Yes,1,2,1
wvv56etc,0,3,1,NA,1,2,1
wvv56etc,0,3,1,NA,1,2,1
wvvlr9ic,1,3,0,Yes,1,3,2
wvvlr9ic,1,3,0,NA,1,3,2
wvvlr9ic,1,3,0,NA,1,3,2
ww5m9vou,1,1,0,No,0,0,0
ww5m9vou,1,1,0,NA,0,0,0
ww5m9vou,1,1,0,NA,0,0,0
ww6016hi,1,3,0,Yes,0,2,0
ww6016hi,1,3,0,NA,0,2,0
ww6016hi,1,3,0,NA,0,2,0
wxrh6c2p,0,2,1,No,0,0,0
wxrh6c2p,0,2,1,NA,0,0,0
wxrh6c2p,0,2,1,NA,0,0,0
wyygfxc8,1,3,0,No,0,0,0
wyygfxc8,1,3,0,NA,0,0,0
wyygfxc8,1,3,0,NA,0,0,0
wzdqbp7h,0,1,1,No,0,0,0
wzdqbp7h,0,1,1,NA,0,0,0
wzdqbp7h,0,1,1,NA,0,0,0
wzrgosva,0,1,1,Yes,0,2,0
wzrgosva,0,1,1,NA,0,2,0
wzrgosva,0,1,1,NA,0,2,0
x1303igx,1,1,0,No,0,0,0
x1303igx,1,1,0,NA,0,0,0
x1303igx,1,1,0,NA,0,0,0
x1973ayg,1,3,0,No,0,0,0
x1973ayg,1,3,0,NA,0,0,0
x1973ayg,1,3,0,NA,0,0,0
x2kt8x0d,1,3,0,Yes,1,2,2
x2kt8x0d,1,3,0,NA,1,2,2
x2kt8x0d,1,3,0,NA,1,2,2
x3cs2zaf,1,4,0,No,0,0,0
x3cs2zaf,1,4,0,NA,0,0,0
x3cs2zaf,1,4,0,NA,0,0,0
x5mp7i8o,1,1,0,Yes,1,2,2
x5mp7i8o,1,1,0,NA,1,2,2
x5mp7i8o,1,1,0,NA,1,2,2
x6v1bf6d,0,1,1,No,0,0,0
x6v1bf6d,0,1,1,NA,0,0,0
x6v1bf6d,0,1,1,NA,0,0,0
x73rzl4h,1,2,0,Yes,0,1,0
x73rzl4h,1,2,0,NA,0,1,0
x73rzl4h,1,2,0,NA,0,1,0
x7lcled1,0,2,1,No,0,0,0
x7lcled1,0,2,1,NA,0,0,0
x7lcled1,0,2,1,NA,0,0,0
x8yvocvq,1,1,0,Yes,0,1,0
x8yvocvq,1,1,0,NA,0,1,0
x8yvocvq,1,1,0,NA,0,1,0
xb7mgzcw,1,3,0,Yes,0,2,0
xb7mgzcw,1,3,0,NA,0,2,0
xb7mgzcw,1,3,0,NA,0,2,0
xbxuxlo9,0,3,1,No,0,0,0
xbxuxlo9,0,3,1,NA,0,0,0
xbxuxlo9,0,3,1,NA,0,0,0
xcbelldz,1,3,0,Yes,0,1,0
xcbelldz,1,3,0,NA,0,1,0
xcbelldz,1,3,0,NA,0,1,0
xcpwpu5z,1,3,0,Yes,0,1,0
xcpwpu5z,1,3,0,NA,0,1,0
xcpwpu5z,1,3,0,NA,0,1,0
xcq9l3ib,1,1,0,No,0,0,0
xcq9l3ib,1,1,0,NA,0,0,0
xcq9l3ib,1,1,0,NA,0,0,0
xeo3c763,0,3,1,No,0,0,0
xeo3c763,0,3,1,NA,0,0,0
xeo3c763,0,3,1,NA,0,0,0
xeqdcana,1,1,0,No,0,0,0
xeqdcana,1,1,0,NA,0,0,0
xeqdcana,1,1,0,NA,0,0,0
xglle2p6,1,4,0,Yes,1,1,1
xglle2p6,1,4,0,NA,1,1,1
xglle2p6,1,4,0,NA,1,1,1
xiyki35t,1,1,0,Yes,0,1,0
xiyki35t,1,1,0,NA,0,1,0
xiyki35t,1,1,0,NA,0,1,0
xmo9c0jm,1,4,0,No,0,0,0
xmo9c0jm,1,4,0,NA,0,0,0
xmo9c0jm,1,4,0,NA,0,0,0
xo1gu1gq,1,4,0,No,0,0,0
xo1gu1gq,1,4,0,NA,0,0,0
xo1gu1gq,1,4,0,NA,0,0,0
xqg2vucx,1,3,0,Yes,0,5,0
xqg2vucx,1,3,0,NA,0,5,0
xqg2vucx,1,3,0,NA,0,5,0
xqviiexa,0,1,1,No,0,0,0
xqviiexa,0,1,1,NA,0,0,0
xqviiexa,0,1,1,NA,0,0,0
xrizp2lc,0,3,1,No,0,0,0
xrizp2lc,0,3,1,NA,0,0,0
xrizp2lc,0,3,1,NA,0,0,0
xs481e2c,1,3,0,Yes,0,3,0
xs481e2c,1,3,0,NA,0,3,0
xs481e2c,1,3,0,NA,0,3,0
xsx8lz44,0,1,1,Yes,1,1,1
xsx8lz44,0,1,1,NA,1,1,1
xsx8lz44,0,1,1,NA,1,1,1
xsyaex6i,1,4,0,Yes,0,1,0
xsyaex6i,1,4,0,NA,0,1,0
xsyaex6i,1,4,0,NA,0,1,0
xt2xj849,1,3,0,Yes,1,3,3
xt2xj849,1,3,0,NA,1,3,3
xt2xj849,1,3,0,NA,1,3,3
xuqs2tjn,1,2,0,No,0,0,0
xuqs2tjn,1,2,0,NA,0,0,0
xuqs2tjn,1,2,0,NA,0,0,0
xv2j53q0,1,4,0,No,0,0,0
xv2j53q0,1,4,0,NA,0,0,0
xv2j53q0,1,4,0,NA,0,0,0
xvasfy5p,0,3,1,No,0,0,0
xvasfy5p,0,3,1,NA,0,0,0
xvasfy5p,0,3,1,NA,0,0,0
xvf3u0p8,1,4,0,Yes,1,1,1
xvf3u0p8,1,4,0,NA,1,1,1
xvf3u0p8,1,4,0,NA,1,1,1
xvixfwwb,0,2,1,Yes,1,1,1
xvixfwwb,0,2,1,NA,1,1,1
xvixfwwb,0,2,1,NA,1,1,1
xw41aosv,1,1,0,No,0,0,0
xw41aosv,1,1,0,NA,0,0,0
xw41aosv,1,1,0,NA,0,0,0
xw9j9xpz,1,4,0,Yes,1,2,1
xw9j9xpz,1,4,0,NA,1,2,1
xw9j9xpz,1,4,0,NA,1,2,1
xxu1tfg5,0,2,1,No,0,0,0
xxu1tfg5,0,2,1,NA,0,0,0
xxu1tfg5,0,2,1,NA,0,0,0
xxwwyvwq,1,2,0,No,0,0,0
xxwwyvwq,1,2,0,NA,0,0,0
xxwwyvwq,1,2,0,NA,0,0,0
xza6xmxb,1,3,0,Yes,1,5,1
xza6xmxb,1,3,0,NA,1,5,1
xza6xmxb,1,3,0,NA,1,5,1
xzu2i4si,1,3,0,Yes,1,2,2
xzu2i4si,1,3,0,NA,1,2,2
xzu2i4si,1,3,0,NA,1,2,2
y061lsvq,1,3,0,No,0,0,0
y061lsvq,1,3,0,NA,0,0,0
y061lsvq,1,3,0,NA,0,0,0
y1sj3pp4,0,2,1,No,0,0,0
y1sj3pp4,0,2,1,NA,0,0,0
y1sj3pp4,0,2,1,NA,0,0,0
y1uwo6k6,1,2,0,No,0,0,0
y1uwo6k6,1,2,0,NA,0,0,0
y1uwo6k6,1,2,0,NA,0,0,0
y22vwiw5,1,4,0,No,0,0,0
y22vwiw5,1,4,0,NA,0,0,0
y22vwiw5,1,4,0,NA,0,0,0
y23shhcv,0,3,1,No,0,0,0
y23shhcv,0,3,1,NA,0,0,0
y23shhcv,0,3,1,NA,0,0,0
y27ffqws,1,3,0,Yes,1,1,1
y27ffqws,1,3,0,NA,1,1,1
y27ffqws,1,3,0,NA,1,1,1
y2gs706r,1,3,0,Yes,1,2,2
y2gs706r,1,3,0,NA,1,2,2
y2gs706r,1,3,0,NA,1,2,2
y4o22eo8,1,3,0,No,0,0,0
y4o22eo8,1,3,0,NA,0,0,0
y4o22eo8,1,3,0,NA,0,0,0
y4ose0ck,0,3,1,No,0,0,0
y4ose0ck,0,3,1,NA,0,0,0
y4ose0ck,0,3,1,NA,0,0,0
y54ut1jc,0,4,1,Yes,1,5,3
y54ut1jc,0,4,1,NA,1,5,3
y54ut1jc,0,4,1,NA,1,5,3
y56n12uj,1,2,0,Yes,0,1,0
y56n12uj,1,2,0,NA,0,1,0
y56n12uj,1,2,0,NA,0,1,0
y67kcerm,1,1,0,Yes,1,1,1
y67kcerm,1,1,0,NA,1,1,1
y67kcerm,1,1,0,NA,1,1,1
y6b4d1og,1,3,0,No,0,0,0
y6b4d1og,1,3,0,NA,0,0,0
y6b4d1og,1,3,0,NA,0,0,0
y81behki,0,2,1,Yes,1,1,1
y81behki,0,2,1,NA,1,1,1
y81behki,0,2,1,NA,1,1,1
y9c7o2nz,1,4,0,Yes,1,5,3
y9c7o2nz,1,4,0,NA,1,5,3
y9c7o2nz,1,4,0,NA,1,5,3
ya039pm7,1,1,0,No,0,0,0
ya039pm7,1,1,0,NA,0,0,0
ya039pm7,1,1,0,NA,0,0,0
yck5vz2n,1,3,0,Yes,1,4,1
yck5vz2n,1,3,0,NA,1,4,1
yck5vz2n,1,3,0,NA,1,4,1
ycmk4tkj,1,2,0,Yes,1,3,2
ycmk4tkj,1,2,0,NA,1,3,2
ycmk4tkj,1,2,0,NA,1,3,2
yd15fzzx,1,4,0,Yes,0,2,0
yd15fzzx,1,4,0,NA,0,2,0
yd15fzzx,1,4,0,NA,0,2,0
ydoue2zn,1,3,0,Yes,1,1,1
ydoue2zn,1,3,0,NA,1,1,1
ydoue2zn,1,3,0,NA,1,1,1
ydug339f,0,1,1,No,0,0,0
ydug339f,0,1,1,NA,0,0,0
ydug339f,0,1,1,NA,0,0,0
ygsbs3jh,0,2,1,No,0,0,0
ygsbs3jh,0,2,1,NA,0,0,0
ygsbs3jh,0,2,1,NA,0,0,0
yh4x2soe,0,2,1,Yes,1,3,2
yh4x2soe,0,2,1,NA,1,3,2
yh4x2soe,0,2,1,NA,1,3,2
yh6np1fv,0,1,1,No,0,0,0
yh6np1fv,0,1,1,NA,0,0,0
yh6np1fv,0,1,1,NA,0,0,0
yhpv7xyo,1,2,0,No,0,0,0
yhpv7xyo,1,2,0,NA,0,0,0
yhpv7xyo,1,2,0,NA,0,0,0
yiyq3ltv,1,3,0,Yes,1,2,2
yiyq3ltv,1,3,0,NA,1,2,2
yiyq3ltv,1,3,0,NA,1,2,2
ykym1nf4,0,1,1,No,0,0,0
ykym1nf4,0,1,1,NA,0,0,0
ykym1nf4,0,1,1,NA,0,0,0
ylehjqac,1,1,0,Yes,0,1,0
ylehjqac,1,1,0,NA,0,1,0
ylehjqac,1,1,0,NA,0,1,0
yliu84hu,0,3,1,Yes,1,2,2
yliu84hu,0,3,1,NA,1,2,2
yliu84hu,0,3,1,NA,1,2,2
ymar8nxv,1,4,0,No,0,0,0
ymar8nxv,1,4,0,NA,0,0,0
ymar8nxv,1,4,0,NA,0,0,0
ymjpzea8,1,2,0,No,0,0,0
ymjpzea8,1,2,0,NA,0,0,0
ymjpzea8,1,2,0,NA,0,0,0
yox5caxg,1,1,0,No,0,0,0
yox5caxg,1,1,0,NA,0,0,0
yox5caxg,1,1,0,NA,0,0,0
ypjm13l7,0,4,1,Yes,0,2,0
ypjm13l7,0,4,1,NA,0,2,0
ypjm13l7,0,4,1,NA,0,2,0
yqjgudy2,1,4,0,Yes,1,5,3
yqjgudy2,1,4,0,NA,1,5,3
yqjgudy2,1,4,0,NA,1,5,3
ys2e7l6p,1,4,0,No,0,0,0
ys2e7l6p,1,4,0,NA,0,0,0
ys2e7l6p,1,4,0,NA,0,0,0
yslxn123,0,4,1,No,0,0,0
yslxn123,0,4,1,NA,0,0,0
yslxn123,0,4,1,NA,0,0,0
yt8njvgg,1,1,0,No,0,0,0
yt8njvgg,1,1,0,NA,0,0,0
yt8njvgg,1,1,0,NA,0,0,0
ytqkdm6b,1,1,0,No,0,0,0
ytqkdm6b,1,1,0,NA,0,0,0
ytqkdm6b,1,1,0,NA,0,0,0
yuns84lh,1,3,0,No,0,0,0
yuns84lh,1,3,0,NA,0,0,0
yuns84lh,1,3,0,NA,0,0,0
yvw1yu4f,1,2,0,No,0,0,0
yvw1yu4f,1,2,0,NA,0,0,0
yvw1yu4f,1,2,0,NA,0,0,0
ywnw45wn,0,4,1,No,0,0,0
ywnw45wn,0,4,1,NA,0,0,0
ywnw45wn,0,4,1,NA,0,0,0
yxcrkqq1,1,3,0,Yes,0,1,0
yxcrkqq1,1,3,0,NA,0,1,0
yxcrkqq1,1,3,0,NA,0,1,0
yyh7hfsu,1,4,0,Yes,1,4,1
yyh7hfsu,1,4,0,NA,1,4,1
yyh7hfsu,1,4,0,NA,1,4,1
yzwaw0z4,1,1,0,No,0,0,0
yzwaw0z4,1,1,0,NA,0,0,0
yzwaw0z4,1,1,0,NA,0,0,0
z0qhylll,1,3,0,Yes,1,1,1
z0qhylll,1,3,0,NA,1,1,1
z0qhylll,1,3,0,NA,1,1,1
z0r98m5e,1,4,0,Yes,1,2,2
z0r98m5e,1,4,0,NA,1,2,2
z0r98m5e,1,4,0,NA,1,2,2
z2t4wp78,1,4,0,Yes,1,5,2
z2t4wp78,1,4,0,NA,1,5,2
z2t4wp78,1,4,0,NA,1,5,2
z2w0aj53,1,2,0,No,0,0,0
z2w0aj53,1,2,0,NA,0,0,0
z2w0aj53,1,2,0,NA,0,0,0
z35td2av,1,3,0,No,0,0,0
z35td2av,1,3,0,NA,0,0,0
z35td2av,1,3,0,NA,0,0,0
z3qs1w95,1,1,0,Yes,1,2,2
z3qs1w95,1,1,0,NA,1,2,2
z3qs1w95,1,1,0,NA,1,2,2
z4lp5fdn,1,2,0,No,0,0,0
z4lp5fdn,1,2,0,NA,0,0,0
z4lp5fdn,1,2,0,NA,0,0,0
z5rhlyga,1,4,0,Yes,1,3,1
z5rhlyga,1,4,0,NA,1,3,1
z5rhlyga,1,4,0,NA,1,3,1
z62ca1wi,0,2,1,Yes,1,2,2
z62ca1wi,0,2,1,NA,1,2,2
z62ca1wi,0,2,1,NA,1,2,2
z6tskdg9,1,4,0,Yes,1,3,2
z6tskdg9,1,4,0,NA,1,3,2
z6tskdg9,1,4,0,NA,1,3,2
z6xf114d,0,3,1,No,0,0,0
z6xf114d,0,3,1,NA,0,0,0
z6xf114d,0,3,1,NA,0,0,0
z7vo8qcz,1,3,0,No,0,0,0
z7vo8qcz,1,3,0,NA,0,0,0
z7vo8qcz,1,3,0,NA,0,0,0
z93qrtfd,1,3,0,Yes,0,1,0
z93qrtfd,1,3,0,NA,0,1,0
z93qrtfd,1,3,0,NA,0,1,0
z9e46k4o,1,2,0,Yes,0,2,0
z9e46k4o,1,2,0,NA,0,2,0
z9e46k4o,1,2,0,NA,0,2,0
zcfj3kk5,1,2,0,Yes,1,1,1
zcfj3kk5,1,2,0,NA,1,1,1
zcfj3kk5,1,2,0,NA,1,1,1
zdy62k5q,1,1,0,Yes,0,1,0
zdy62k5q,1,1,0,NA,0,1,0
zdy62k5q,1,1,0,NA,0,1,0
zeaqagze,1,2,0,Yes,0,2,0
zeaqagze,1,2,0,NA,0,2,0
zeaqagze,1,2,0,NA,0,2,0
zeslcl3z,1,4,0,Yes,0,1,0
zeslcl3z,1,4,0,NA,0,1,0
zeslcl3z,1,4,0,NA,0,1,0
zeu88i2s,1,3,0,Yes,0,1,0
zeu88i2s,1,3,0,NA,0,1,0
zeu88i2s,1,3,0,NA,0,1,0
zf6eibzb,1,3,0,Yes,1,2,1
zf6eibzb,1,3,0,NA,1,2,1
zf6eibzb,1,3,0,NA,1,2,1
zfyf1am4,1,4,0,Yes,1,2,2
zfyf1am4,1,4,0,NA,1,2,2
zfyf1am4,1,4,0,NA,1,2,2
zgdd0cxv,1,2,0,Yes,1,2,2
zgdd0cxv,1,2,0,NA,1,2,2
zgdd0cxv,1,2,0,NA,1,2,2
zhfq18fs,1,1,0,Yes,1,1,1
zhfq18fs,1,1,0,NA,1,1,1
zhfq18fs,1,1,0,NA,1,1,1
ziw3tqz8,1,4,0,No,0,0,0
ziw3tqz8,1,4,0,NA,0,0,0
ziw3tqz8,1,4,0,NA,0,0,0
zjyax4ee,1,4,0,No,0,0,0
zjyax4ee,1,4,0,NA,0,0,0
zjyax4ee,1,4,0,NA,0,0,0
zmgy3wzz,0,4,1,No,0,0,0
zmgy3wzz,0,4,1,NA,0,0,0
zmgy3wzz,0,4,1,NA,0,0,0
zn63xmx1,1,4,0,No,0,0,0
zn63xmx1,1,4,0,NA,0,0,0
zn63xmx1,1,4,0,NA,0,0,0
zn9ko6lv,1,1,0,Yes,0,1,0
zn9ko6lv,1,1,0,NA,0,1,0
zn9ko6lv,1,1,0,NA,0,1,0
znemw8rb,1,4,0,No,0,0,0
znemw8rb,1,4,0,NA,0,0,0
znemw8rb,1,4,0,NA,0,0,0
zowgoy84,0,4,1,Yes,0,2,0
zowgoy84,0,4,1,NA,0,2,0
zowgoy84,0,4,1,NA,0,2,0
zp3uj2ko,1,1,0,No,0,0,0
zp3uj2ko,1,1,0,NA,0,0,0
zp3uj2ko,1,1,0,NA,0,0,0
zp9l7pyn,1,2,0,Yes,1,1,1
zp9l7pyn,1,2,0,NA,1,1,1
zp9l7pyn,1,2,0,NA,1,1,1
zqqkupb7,0,4,1,Yes,1,1,1
zqqkupb7,0,4,1,NA,1,1,1
zqqkupb7,0,4,1,NA,1,1,1
zsj1ha1l,1,2,0,Yes,1,1,1
zsj1ha1l,1,2,0,NA,1,1,1
zsj1ha1l,1,2,0,NA,1,1,1
ztext8hc,0,4,1,Yes,1,1,1
ztext8hc,0,4,1,NA,1,1,1
ztext8hc,0,4,1,NA,1,1,1
zvcqtven,1,1,0,Yes,1,1,1
zvcqtven,1,1,0,NA,1,1,1
zvcqtven,1,1,0,NA,1,1,1
zxnykoeq,1,4,0,Yes,1,3,3
zxnykoeq,1,4,0,NA,1,3,3
zxnykoeq,1,4,0,NA,1,3,3
zz3sdat7,0,4,1,Yes,0,5,0
zz3sdat7,0,4,1,NA,0,5,0
zz3sdat7,0,4,1,NA,0,5,0
zz84ftjb,0,4,1,Yes,1,2,2
zz84ftjb,0,4,1,NA,1,2,2
zz84ftjb,0,4,1,NA,1,2,2
zz8ry4ro,0,2,1,No,0,0,0
zz8ry4ro,0,2,1,NA,0,0,0
zz8ry4ro,0,2,1,NA,0,0,0
zzb3k8pk,1,1,0,Yes,1,1,1
zzb3k8pk,1,1,0,NA,1,1,1
zzb3k8pk,1,1,0,NA,1,1,1
